date,TICKER,quantity
1981-02-27,AAPL,1
1981-02-27,F,1
1981-03-02,AAPL,1
1981-03-02,F,1
1981-03-03,AAPL,1
1981-03-03,F,1
1981-03-04,AAPL,1
1981-03-04,F,1
1981-03-05,AAPL,1
1981-03-05,F,1
1981-03-06,AAPL,1
1981-03-06,F,1
1981-03-09,AAPL,1
1981-03-09,F,1
1981-03-10,AAPL,1
1981-03-10,F,1
1981-03-11,AAPL,-8
1981-03-11,F,1
1981-03-12,F,1
1981-03-13,F,1
1981-03-16,F,1
1981-03-17,F,1
1981-03-18,F,1
1981-03-19,F,1
1981-03-20,F,1
1981-03-23,F,1
1981-03-24,F,1
1981-03-25,F,1
1981-03-26,F,1
1981-03-27,F,1
1981-03-30,F,1
1981-03-31,F,1
1981-04-01,F,1
1981-04-02,F,1
1981-04-03,F,1
1981-04-06,F,1
1981-04-07,F,1
1981-04-08,F,1
1981-04-09,F,1
1981-04-10,F,1
1981-04-13,F,1
1981-04-14,F,1
1981-04-15,F,1
1981-04-16,F,1
1981-04-20,F,1
1981-04-21,F,1
1981-04-22,F,1
1981-04-23,F,1
1981-04-24,F,1
1981-04-27,F,1
1981-04-28,F,1
1981-04-29,F,1
1981-04-30,F,1
1981-05-01,F,1
1981-05-04,F,1
1981-05-05,F,1
1981-05-06,F,1
1981-05-07,F,1
1981-05-08,F,1
1981-05-11,F,1
1981-05-12,F,1
1981-05-13,F,1
1981-05-14,F,1
1981-05-15,F,1
1981-05-18,F,1
1981-05-19,F,1
1981-05-20,F,1
1981-05-21,F,1
1981-05-22,F,1
1981-05-26,F,1
1981-05-27,F,1
1981-05-28,F,1
1981-05-29,F,1
1981-06-01,F,1
1981-06-02,F,1
1981-06-03,F,1
1981-06-04,F,1
1981-06-05,F,1
1981-06-08,F,1
1981-06-09,AAPL,1
1981-06-09,F,1
1981-06-10,AAPL,1
1981-06-10,F,1
1981-06-11,AAPL,1
1981-06-11,F,1
1981-06-12,AAPL,1
1981-06-12,F,1
1981-06-15,AAPL,1
1981-06-15,F,1
1981-06-16,AAPL,1
1981-06-16,F,1
1981-06-17,AAPL,1
1981-06-17,F,1
1981-06-18,AAPL,1
1981-06-18,F,1
1981-06-19,AAPL,1
1981-06-19,F,1
1981-06-22,AAPL,1
1981-06-22,F,1
1981-06-23,AAPL,1
1981-06-23,F,1
1981-06-24,AAPL,1
1981-06-24,F,1
1981-06-25,AAPL,1
1981-06-25,F,1
1981-06-26,AAPL,1
1981-06-26,F,1
1981-06-29,AAPL,1
1981-06-29,F,1
1981-06-30,AAPL,1
1981-06-30,F,1
1981-07-01,AAPL,1
1981-07-01,F,1
1981-07-02,AAPL,1
1981-07-02,F,1
1981-07-06,AAPL,1
1981-07-06,F,1
1981-07-07,AAPL,1
1981-07-07,F,1
1981-07-08,AAPL,1
1981-07-08,F,1
1981-07-09,AAPL,1
1981-07-09,F,1
1981-07-10,AAPL,1
1981-07-10,F,1
1981-07-13,AAPL,1
1981-07-13,F,1
1981-07-14,AAPL,1
1981-07-14,F,1
1981-07-15,AAPL,1
1981-07-15,F,1
1981-07-16,AAPL,1
1981-07-16,F,1
1981-07-17,AAPL,1
1981-07-17,F,1
1981-07-20,AAPL,1
1981-07-20,F,1
1981-07-21,AAPL,1
1981-07-21,F,1
1981-07-22,AAPL,1
1981-07-22,F,1
1981-07-23,AAPL,1
1981-07-23,F,1
1981-07-24,AAPL,1
1981-07-24,F,1
1981-07-27,AAPL,1
1981-07-27,F,1
1981-07-28,AAPL,1
1981-07-28,F,1
1981-07-29,AAPL,1
1981-07-29,F,1
1981-07-30,AAPL,1
1981-07-30,F,1
1981-07-31,AAPL,1
1981-07-31,F,1
1981-08-03,AAPL,1
1981-08-03,F,1
1981-08-04,AAPL,1
1981-08-04,F,1
1981-08-05,AAPL,-40
1981-08-05,F,1
1981-08-06,F,1
1981-08-07,F,1
1981-08-10,F,1
1981-08-11,F,1
1981-08-12,F,1
1981-08-13,F,1
1981-08-14,F,1
1981-08-17,F,1
1981-08-18,F,1
1981-08-19,F,1
1981-08-20,F,1
1981-08-21,F,1
1981-08-24,F,1
1981-08-25,F,1
1981-08-26,F,1
1981-08-27,F,1
1981-08-28,F,1
1981-08-31,F,1
1981-09-01,F,1
1981-09-02,F,1
1981-09-03,F,-131
1982-04-06,F,1
1982-04-07,F,1
1982-04-08,F,1
1982-04-12,F,1
1982-04-13,F,1
1982-04-14,F,1
1982-04-15,F,1
1982-04-16,F,1
1982-04-19,F,1
1982-04-20,F,1
1982-04-21,F,1
1982-04-22,F,1
1982-04-23,F,1
1982-04-26,F,1
1982-04-27,F,1
1982-04-28,F,1
1982-04-29,F,1
1982-04-30,F,1
1982-05-03,F,1
1982-05-04,F,1
1982-05-05,F,1
1982-05-06,F,1
1982-05-07,F,1
1982-05-10,F,1
1982-05-11,F,1
1982-05-12,F,1
1982-05-13,F,1
1982-05-14,F,1
1982-05-17,F,1
1982-05-18,F,1
1982-05-19,F,1
1982-05-20,F,1
1982-05-21,F,1
1982-05-24,F,1
1982-05-25,F,1
1982-05-26,F,1
1982-05-27,F,1
1982-05-28,F,1
1982-06-01,F,1
1982-06-02,F,1
1982-06-03,F,1
1982-06-04,F,1
1982-06-07,F,1
1982-06-08,F,1
1982-06-09,F,1
1982-06-10,F,1
1982-06-11,F,1
1982-06-14,F,1
1982-06-15,F,1
1982-06-16,F,1
1982-06-17,F,1
1982-06-18,F,1
1982-06-21,F,1
1982-06-22,F,1
1982-06-23,F,1
1982-06-24,F,1
1982-06-25,F,1
1982-06-28,F,1
1982-06-29,F,1
1982-06-30,F,1
1982-07-01,F,1
1982-07-02,F,1
1982-07-06,F,1
1982-07-07,F,1
1982-07-08,F,1
1982-07-09,F,1
1982-07-12,F,1
1982-07-13,F,1
1982-07-14,F,1
1982-07-15,F,1
1982-07-16,F,1
1982-07-19,F,1
1982-07-20,F,1
1982-07-21,F,1
1982-07-22,F,1
1982-07-23,F,1
1982-07-26,F,1
1982-07-27,F,1
1982-07-28,F,1
1982-07-29,F,1
1982-07-30,F,1
1982-08-02,F,1
1982-08-03,F,1
1982-08-04,F,1
1982-08-05,F,1
1982-08-06,F,1
1982-08-09,F,1
1982-08-10,F,1
1982-08-11,F,1
1982-08-12,F,1
1982-08-13,F,1
1982-08-16,F,1
1982-08-17,F,1
1982-08-18,F,1
1982-08-19,F,1
1982-08-20,F,1
1982-08-23,F,1
1982-08-24,F,1
1982-08-25,F,1
1982-08-26,F,1
1982-08-27,F,1
1982-08-30,F,1
1982-08-31,F,1
1982-09-01,F,1
1982-09-02,F,1
1982-09-03,F,1
1982-09-07,F,1
1982-09-08,F,1
1982-09-09,F,1
1982-09-10,F,1
1982-09-13,F,1
1982-09-14,F,1
1982-09-15,F,1
1982-09-16,F,1
1982-09-17,F,1
1982-09-20,F,1
1982-09-21,F,1
1982-09-22,F,1
1982-09-23,F,1
1982-09-24,F,1
1982-09-27,F,1
1982-09-28,F,1
1982-09-29,F,1
1982-09-30,F,1
1982-10-01,F,1
1982-10-04,F,1
1982-10-05,F,1
1982-10-06,F,1
1982-10-07,F,1
1982-10-08,AAPL,1
1982-10-08,F,1
1982-10-11,AAPL,1
1982-10-11,F,1
1982-10-12,AAPL,1
1982-10-12,F,1
1982-10-13,AAPL,1
1982-10-13,F,1
1982-10-14,AAPL,1
1982-10-14,F,1
1982-10-15,AAPL,1
1982-10-15,F,1
1982-10-18,AAPL,1
1982-10-18,F,1
1982-10-19,AAPL,1
1982-10-19,F,1
1982-10-20,AAPL,1
1982-10-20,F,1
1982-10-21,AAPL,1
1982-10-21,F,1
1982-10-22,AAPL,1
1982-10-22,F,1
1982-10-25,AAPL,1
1982-10-25,F,1
1982-10-26,AAPL,1
1982-10-26,F,1
1982-10-27,AAPL,1
1982-10-27,F,1
1982-10-28,AAPL,1
1982-10-28,F,1
1982-10-29,AAPL,1
1982-10-29,F,1
1982-11-01,AAPL,1
1982-11-01,F,1
1982-11-02,AAPL,1
1982-11-02,F,1
1982-11-03,AAPL,1
1982-11-03,F,1
1982-11-04,AAPL,1
1982-11-04,F,1
1982-11-05,AAPL,1
1982-11-05,F,1
1982-11-08,AAPL,1
1982-11-08,F,1
1982-11-09,AAPL,1
1982-11-09,F,1
1982-11-10,AAPL,1
1982-11-10,F,1
1982-11-11,AAPL,1
1982-11-11,F,1
1982-11-12,AAPL,1
1982-11-12,F,1
1982-11-15,AAPL,1
1982-11-15,F,1
1982-11-16,AAPL,1
1982-11-16,F,1
1982-11-17,AAPL,1
1982-11-17,F,1
1982-11-18,AAPL,1
1982-11-18,F,1
1982-11-19,AAPL,1
1982-11-19,F,1
1982-11-22,AAPL,1
1982-11-22,F,1
1982-11-23,AAPL,1
1982-11-23,F,1
1982-11-24,AAPL,1
1982-11-24,F,1
1982-11-26,AAPL,1
1982-11-26,F,1
1982-11-29,AAPL,1
1982-11-29,F,1
1982-11-30,AAPL,1
1982-11-30,F,1
1982-12-01,AAPL,1
1982-12-01,F,1
1982-12-02,AAPL,1
1982-12-02,F,1
1982-12-03,AAPL,1
1982-12-03,F,1
1982-12-06,AAPL,1
1982-12-06,F,1
1982-12-07,AAPL,1
1982-12-07,F,1
1982-12-08,AAPL,1
1982-12-08,F,1
1982-12-09,AAPL,1
1982-12-09,F,1
1982-12-10,AAPL,1
1982-12-10,F,1
1982-12-13,AAPL,1
1982-12-13,F,1
1982-12-14,AAPL,1
1982-12-14,F,1
1982-12-15,AAPL,1
1982-12-15,F,1
1982-12-16,AAPL,1
1982-12-16,F,1
1982-12-17,AAPL,1
1982-12-17,F,1
1982-12-20,AAPL,1
1982-12-20,F,1
1982-12-21,AAPL,1
1982-12-21,F,1
1982-12-22,AAPL,1
1982-12-22,F,1
1982-12-23,AAPL,1
1982-12-23,F,1
1982-12-27,AAPL,1
1982-12-27,F,1
1982-12-28,AAPL,1
1982-12-28,F,1
1982-12-29,AAPL,1
1982-12-29,F,1
1982-12-30,AAPL,1
1982-12-30,F,1
1982-12-31,AAPL,1
1982-12-31,F,1
1983-01-03,AAPL,1
1983-01-03,F,1
1983-01-04,AAPL,1
1983-01-04,F,1
1983-01-05,AAPL,1
1983-01-05,F,1
1983-01-06,AAPL,1
1983-01-06,F,1
1983-01-07,AAPL,1
1983-01-07,F,1
1983-01-10,AAPL,1
1983-01-10,F,1
1983-01-11,AAPL,1
1983-01-11,F,1
1983-01-12,AAPL,1
1983-01-12,F,1
1983-01-13,AAPL,1
1983-01-13,F,1
1983-01-14,AAPL,1
1983-01-14,F,1
1983-01-17,AAPL,1
1983-01-17,F,1
1983-01-18,AAPL,1
1983-01-18,F,1
1983-01-19,AAPL,1
1983-01-19,F,1
1983-01-20,AAPL,1
1983-01-20,F,1
1983-01-21,AAPL,1
1983-01-21,F,1
1983-01-24,AAPL,1
1983-01-24,F,1
1983-01-25,AAPL,1
1983-01-25,F,1
1983-01-26,AAPL,1
1983-01-26,F,1
1983-01-27,AAPL,1
1983-01-27,F,1
1983-01-28,AAPL,1
1983-01-28,F,1
1983-01-31,AAPL,1
1983-01-31,F,1
1983-02-01,AAPL,1
1983-02-01,F,1
1983-02-02,AAPL,1
1983-02-02,F,1
1983-02-03,AAPL,1
1983-02-03,F,1
1983-02-04,AAPL,1
1983-02-04,F,1
1983-02-07,AAPL,1
1983-02-07,F,1
1983-02-08,AAPL,1
1983-02-08,F,1
1983-02-09,AAPL,1
1983-02-09,F,1
1983-02-10,AAPL,1
1983-02-10,F,1
1983-02-11,AAPL,1
1983-02-11,F,1
1983-02-14,AAPL,1
1983-02-14,F,1
1983-02-15,AAPL,1
1983-02-15,F,1
1983-02-16,AAPL,1
1983-02-16,F,1
1983-02-17,AAPL,1
1983-02-17,F,1
1983-02-18,AAPL,1
1983-02-18,F,1
1983-02-22,AAPL,1
1983-02-22,F,1
1983-02-23,AAPL,1
1983-02-23,F,1
1983-02-24,AAPL,1
1983-02-24,F,1
1983-02-25,AAPL,1
1983-02-25,F,1
1983-02-28,AAPL,1
1983-02-28,F,1
1983-03-01,AAPL,1
1983-03-01,F,1
1983-03-02,AAPL,1
1983-03-02,F,1
1983-03-03,AAPL,1
1983-03-03,F,1
1983-03-04,AAPL,1
1983-03-04,F,1
1983-03-07,AAPL,1
1983-03-07,F,1
1983-03-08,AAPL,1
1983-03-08,F,1
1983-03-09,AAPL,1
1983-03-09,F,1
1983-03-10,AAPL,1
1983-03-10,F,1
1983-03-11,AAPL,1
1983-03-11,F,1
1983-03-14,AAPL,1
1983-03-14,F,1
1983-03-15,AAPL,1
1983-03-15,F,1
1983-03-16,AAPL,1
1983-03-16,F,1
1983-03-17,AAPL,1
1983-03-17,F,1
1983-03-18,AAPL,1
1983-03-18,F,1
1983-03-21,AAPL,1
1983-03-21,F,1
1983-03-22,AAPL,1
1983-03-22,F,1
1983-03-23,AAPL,1
1983-03-23,F,1
1983-03-24,AAPL,1
1983-03-24,F,1
1983-03-25,AAPL,1
1983-03-25,F,1
1983-03-28,AAPL,1
1983-03-28,F,1
1983-03-29,AAPL,1
1983-03-29,F,1
1983-03-30,AAPL,1
1983-03-30,F,1
1983-03-31,AAPL,1
1983-03-31,F,1
1983-04-04,AAPL,1
1983-04-04,F,1
1983-04-05,AAPL,1
1983-04-05,F,1
1983-04-06,AAPL,1
1983-04-06,F,1
1983-04-07,AAPL,1
1983-04-07,F,1
1983-04-08,AAPL,1
1983-04-08,F,1
1983-04-11,AAPL,1
1983-04-11,F,1
1983-04-12,AAPL,1
1983-04-12,F,1
1983-04-13,AAPL,1
1983-04-13,F,1
1983-04-14,AAPL,1
1983-04-14,F,1
1983-04-15,AAPL,1
1983-04-15,F,1
1983-04-18,AAPL,1
1983-04-18,F,1
1983-04-19,AAPL,1
1983-04-19,F,1
1983-04-20,AAPL,1
1983-04-20,F,1
1983-04-21,AAPL,1
1983-04-21,F,1
1983-04-22,AAPL,1
1983-04-22,F,1
1983-04-25,AAPL,1
1983-04-25,F,1
1983-04-26,AAPL,1
1983-04-26,F,1
1983-04-27,AAPL,1
1983-04-27,F,1
1983-04-28,AAPL,1
1983-04-28,F,1
1983-04-29,AAPL,1
1983-04-29,F,1
1983-05-02,AAPL,1
1983-05-02,F,1
1983-05-03,AAPL,1
1983-05-03,F,1
1983-05-04,AAPL,1
1983-05-04,F,1
1983-05-05,AAPL,1
1983-05-05,F,1
1983-05-06,AAPL,1
1983-05-06,F,1
1983-05-09,AAPL,1
1983-05-09,F,1
1983-05-10,AAPL,1
1983-05-10,F,1
1983-05-11,AAPL,1
1983-05-11,F,1
1983-05-12,AAPL,1
1983-05-12,F,1
1983-05-13,AAPL,1
1983-05-13,F,1
1983-05-16,AAPL,1
1983-05-16,F,1
1983-05-17,AAPL,1
1983-05-17,F,1
1983-05-18,AAPL,1
1983-05-18,F,1
1983-05-19,AAPL,1
1983-05-19,F,1
1983-05-20,AAPL,1
1983-05-20,F,1
1983-05-23,AAPL,1
1983-05-23,F,1
1983-05-24,AAPL,1
1983-05-24,F,1
1983-05-25,AAPL,1
1983-05-25,F,1
1983-05-26,AAPL,1
1983-05-26,F,1
1983-05-27,AAPL,1
1983-05-27,F,1
1983-05-31,AAPL,1
1983-05-31,F,1
1983-06-01,AAPL,1
1983-06-01,F,1
1983-06-02,AAPL,1
1983-06-02,F,1
1983-06-03,AAPL,1
1983-06-03,F,1
1983-06-06,AAPL,1
1983-06-06,F,1
1983-06-07,AAPL,1
1983-06-07,F,1
1983-06-08,AAPL,1
1983-06-08,F,1
1983-06-09,AAPL,1
1983-06-09,F,1
1983-06-10,AAPL,1
1983-06-10,F,1
1983-06-13,AAPL,1
1983-06-13,F,1
1983-06-14,AAPL,1
1983-06-14,F,1
1983-06-15,AAPL,1
1983-06-15,F,1
1983-06-16,AAPL,1
1983-06-16,F,1
1983-06-17,AAPL,1
1983-06-17,F,1
1983-06-20,AAPL,1
1983-06-20,F,1
1983-06-21,AAPL,1
1983-06-21,F,1
1983-06-22,AAPL,1
1983-06-22,F,1
1983-06-23,AAPL,1
1983-06-23,F,1
1983-06-24,AAPL,1
1983-06-24,F,1
1983-06-27,AAPL,1
1983-06-27,F,1
1983-06-28,AAPL,1
1983-06-28,F,1
1983-06-29,AAPL,1
1983-06-29,F,1
1983-06-30,AAPL,1
1983-06-30,F,1
1983-07-01,AAPL,1
1983-07-01,F,1
1983-07-05,AAPL,1
1983-07-05,F,1
1983-07-06,AAPL,1
1983-07-06,F,1
1983-07-07,AAPL,1
1983-07-07,F,1
1983-07-08,AAPL,1
1983-07-08,F,1
1983-07-11,AAPL,1
1983-07-11,F,1
1983-07-12,AAPL,1
1983-07-12,F,1
1983-07-13,AAPL,1
1983-07-13,F,1
1983-07-14,AAPL,1
1983-07-14,F,1
1983-07-15,AAPL,1
1983-07-15,F,1
1983-07-18,AAPL,1
1983-07-18,F,1
1983-07-19,AAPL,1
1983-07-19,F,1
1983-07-20,AAPL,1
1983-07-20,F,1
1983-07-21,AAPL,1
1983-07-21,F,1
1983-07-22,AAPL,1
1983-07-22,F,1
1983-07-25,AAPL,1
1983-07-25,F,1
1983-07-26,AAPL,1
1983-07-26,F,1
1983-07-27,AAPL,1
1983-07-27,F,1
1983-07-28,AAPL,1
1983-07-28,F,1
1983-07-29,AAPL,1
1983-07-29,F,1
1983-08-01,AAPL,1
1983-08-01,F,1
1983-08-02,AAPL,1
1983-08-02,F,1
1983-08-03,AAPL,1
1983-08-03,F,1
1983-08-04,AAPL,1
1983-08-04,F,1
1983-08-05,AAPL,1
1983-08-05,F,1
1983-08-08,AAPL,1
1983-08-08,F,1
1983-08-09,AAPL,1
1983-08-09,F,1
1983-08-10,AAPL,1
1983-08-10,F,1
1983-08-11,AAPL,1
1983-08-11,F,1
1983-08-12,AAPL,1
1983-08-12,F,1
1983-08-15,AAPL,1
1983-08-15,F,1
1983-08-16,AAPL,1
1983-08-16,F,1
1983-08-17,AAPL,1
1983-08-17,F,1
1983-08-18,AAPL,1
1983-08-18,F,1
1983-08-19,AAPL,1
1983-08-19,F,1
1983-08-22,AAPL,1
1983-08-22,F,1
1983-08-23,AAPL,1
1983-08-23,F,1
1983-08-24,AAPL,1
1983-08-24,F,1
1983-08-25,AAPL,1
1983-08-25,F,1
1983-08-26,AAPL,-224
1983-08-26,F,1
1983-08-29,F,1
1983-08-30,F,1
1983-08-31,F,1
1983-09-01,F,1
1983-09-02,F,1
1983-09-06,F,1
1983-09-07,F,1
1983-09-08,F,1
1983-09-09,F,1
1983-09-12,F,1
1983-09-13,F,1
1983-09-14,F,1
1983-09-15,F,1
1983-09-16,F,1
1983-09-19,F,1
1983-09-20,F,1
1983-09-21,F,1
1983-09-22,F,1
1983-09-23,F,1
1983-09-26,F,1
1983-09-27,F,1
1983-09-28,F,1
1983-09-29,F,1
1983-09-30,F,1
1983-10-03,F,1
1983-10-04,F,1
1983-10-05,F,1
1983-10-06,F,1
1983-10-07,F,1
1983-10-10,F,1
1983-10-11,F,1
1983-10-12,F,1
1983-10-13,F,1
1983-10-14,F,1
1983-10-17,F,1
1983-10-18,F,1
1983-10-19,F,1
1983-10-20,F,1
1983-10-21,F,1
1983-10-24,F,1
1983-10-25,F,1
1983-10-26,F,1
1983-10-27,F,1
1983-10-28,F,1
1983-10-31,F,1
1983-11-01,F,1
1983-11-02,F,1
1983-11-03,F,1
1983-11-04,F,1
1983-11-07,F,1
1983-11-08,F,1
1983-11-09,F,1
1983-11-10,F,1
1983-11-11,F,1
1983-11-14,F,1
1983-11-15,F,1
1983-11-16,F,1
1983-11-17,F,1
1983-11-18,F,1
1983-11-21,F,1
1983-11-22,F,1
1983-11-23,F,1
1983-11-25,F,1
1983-11-28,F,1
1983-11-29,F,1
1983-11-30,F,1
1983-12-01,F,1
1983-12-02,F,1
1983-12-05,F,1
1983-12-06,F,1
1983-12-07,F,1
1983-12-08,F,1
1983-12-09,F,1
1983-12-12,F,1
1983-12-13,F,1
1983-12-14,F,1
1983-12-15,F,1
1983-12-16,F,1
1983-12-19,F,1
1983-12-20,F,1
1983-12-21,F,1
1983-12-22,F,1
1983-12-23,F,1
1983-12-27,F,1
1983-12-28,F,1
1983-12-29,F,1
1983-12-30,F,1
1984-01-03,F,1
1984-01-04,F,1
1984-01-05,F,1
1984-01-06,F,-444
1984-05-03,AAPL,1
1984-05-04,AAPL,1
1984-05-07,AAPL,1
1984-05-08,AAPL,1
1984-05-09,AAPL,1
1984-05-10,AAPL,1
1984-05-11,AAPL,1
1984-05-14,AAPL,1
1984-05-15,AAPL,1
1984-05-16,AAPL,1
1984-05-17,AAPL,1
1984-05-18,AAPL,1
1984-05-21,AAPL,1
1984-05-22,AAPL,1
1984-05-23,AAPL,1
1984-05-24,AAPL,1
1984-05-25,AAPL,1
1984-05-29,AAPL,1
1984-05-30,AAPL,1
1984-05-31,AAPL,1
1984-06-01,AAPL,1
1984-06-04,AAPL,1
1984-06-05,AAPL,1
1984-06-06,AAPL,1
1984-06-07,AAPL,1
1984-06-08,AAPL,1
1984-06-11,AAPL,1
1984-06-12,AAPL,1
1984-06-13,AAPL,1
1984-06-14,AAPL,1
1984-06-15,AAPL,1
1984-06-18,AAPL,1
1984-06-19,AAPL,1
1984-06-20,AAPL,1
1984-06-21,AAPL,1
1984-06-22,AAPL,1
1984-06-25,AAPL,1
1984-06-26,AAPL,1
1984-06-27,AAPL,1
1984-06-28,AAPL,1
1984-06-29,AAPL,1
1984-07-02,AAPL,1
1984-07-03,AAPL,1
1984-07-05,AAPL,1
1984-07-06,AAPL,1
1984-07-09,AAPL,1
1984-07-10,AAPL,1
1984-07-11,AAPL,1
1984-07-12,AAPL,1
1984-07-13,AAPL,1
1984-07-16,AAPL,1
1984-07-17,AAPL,1
1984-07-18,AAPL,1
1984-07-19,AAPL,1
1984-07-20,AAPL,1
1984-07-23,AAPL,1
1984-07-24,AAPL,1
1984-07-25,AAPL,1
1984-07-26,AAPL,1
1984-07-27,AAPL,1
1984-07-30,AAPL,1
1984-07-31,AAPL,1
1984-08-01,AAPL,1
1984-08-02,AAPL,1
1984-08-03,AAPL,1
1984-08-06,AAPL,1
1984-08-07,AAPL,1
1984-08-08,AAPL,1
1984-08-09,AAPL,1
1984-08-10,AAPL,1
1984-08-13,AAPL,1
1984-08-14,AAPL,1
1984-08-15,AAPL,1
1984-08-16,AAPL,1
1984-08-17,AAPL,1
1984-08-20,AAPL,1
1984-08-21,AAPL,1
1984-08-22,AAPL,1
1984-08-23,AAPL,1
1984-08-24,AAPL,1
1984-08-27,AAPL,1
1984-08-28,AAPL,1
1984-08-29,AAPL,1
1984-08-30,AAPL,1
1984-08-31,AAPL,1
1984-09-04,AAPL,1
1984-09-04,F,1
1984-09-05,AAPL,1
1984-09-05,F,1
1984-09-06,AAPL,1
1984-09-06,F,1
1984-09-07,AAPL,1
1984-09-07,F,1
1984-09-10,AAPL,1
1984-09-10,F,1
1984-09-11,AAPL,1
1984-09-11,F,1
1984-09-12,AAPL,1
1984-09-12,F,1
1984-09-13,AAPL,1
1984-09-13,F,1
1984-09-14,AAPL,1
1984-09-14,F,1
1984-09-17,AAPL,1
1984-09-17,F,1
1984-09-18,AAPL,1
1984-09-18,F,1
1984-09-19,AAPL,1
1984-09-19,F,1
1984-09-20,AAPL,1
1984-09-20,F,1
1984-09-21,AAPL,1
1984-09-21,F,1
1984-09-24,AAPL,1
1984-09-24,F,1
1984-09-25,AAPL,1
1984-09-25,F,1
1984-09-26,AAPL,1
1984-09-26,F,1
1984-09-27,AAPL,1
1984-09-27,F,1
1984-09-28,AAPL,1
1984-09-28,F,1
1984-10-01,AAPL,1
1984-10-01,F,1
1984-10-02,AAPL,-105
1984-10-02,F,1
1984-10-03,F,1
1984-10-04,F,1
1984-10-05,F,1
1984-10-08,F,1
1984-10-09,F,1
1984-10-10,F,1
1984-10-11,F,1
1984-10-12,F,1
1984-10-15,F,1
1984-10-16,F,1
1984-10-17,F,1
1984-10-18,F,1
1984-10-19,F,1
1984-10-22,F,1
1984-10-23,F,1
1984-10-24,F,1
1984-10-25,F,1
1984-10-26,F,1
1984-10-29,F,1
1984-10-30,F,1
1984-10-31,F,1
1984-11-01,F,1
1984-11-02,F,1
1984-11-05,F,1
1984-11-06,F,1
1984-11-07,F,1
1984-11-08,F,1
1984-11-09,F,1
1984-11-12,F,1
1984-11-13,F,1
1984-11-14,F,1
1984-11-15,F,1
1984-11-16,F,1
1984-11-19,F,1
1984-11-20,F,1
1984-11-21,F,1
1984-11-23,F,1
1984-11-26,F,1
1984-11-27,F,1
1984-11-28,F,1
1984-11-29,F,1
1984-11-30,F,1
1984-12-03,F,1
1984-12-04,F,1
1984-12-05,F,1
1984-12-06,F,1
1984-12-07,F,1
1984-12-10,F,1
1984-12-11,F,1
1984-12-12,F,1
1984-12-13,F,1
1984-12-14,F,1
1984-12-17,F,1
1984-12-18,F,1
1984-12-19,F,1
1984-12-20,F,1
1984-12-21,F,1
1984-12-24,F,1
1984-12-26,F,1
1984-12-27,F,1
1984-12-28,F,1
1984-12-31,F,1
1985-01-02,F,1
1985-01-03,F,1
1985-01-04,F,1
1985-01-07,F,1
1985-01-08,F,1
1985-01-09,F,1
1985-01-10,F,1
1985-01-11,F,1
1985-01-14,F,1
1985-01-15,F,1
1985-01-16,F,1
1985-01-17,F,1
1985-01-18,F,1
1985-01-21,F,1
1985-01-22,F,1
1985-01-23,F,1
1985-01-24,F,1
1985-01-25,F,1
1985-01-28,F,1
1985-01-29,F,1
1985-01-30,F,1
1985-01-31,AAPL,1
1985-01-31,F,1
1985-02-01,AAPL,1
1985-02-01,F,1
1985-02-04,AAPL,1
1985-02-04,F,1
1985-02-05,AAPL,1
1985-02-05,F,1
1985-02-06,AAPL,1
1985-02-06,F,1
1985-02-07,AAPL,1
1985-02-07,F,1
1985-02-08,AAPL,1
1985-02-08,F,1
1985-02-11,AAPL,1
1985-02-11,F,1
1985-02-12,AAPL,1
1985-02-12,F,1
1985-02-13,AAPL,1
1985-02-13,F,1
1985-02-14,AAPL,1
1985-02-14,F,1
1985-02-15,AAPL,1
1985-02-15,F,1
1985-02-19,AAPL,1
1985-02-19,F,1
1985-02-20,AAPL,1
1985-02-20,F,1
1985-02-21,AAPL,1
1985-02-21,F,1
1985-02-22,AAPL,1
1985-02-22,F,1
1985-02-25,AAPL,1
1985-02-25,F,1
1985-02-26,AAPL,1
1985-02-26,F,1
1985-02-27,AAPL,1
1985-02-27,F,1
1985-02-28,AAPL,1
1985-02-28,F,1
1985-03-01,AAPL,1
1985-03-01,F,1
1985-03-04,AAPL,1
1985-03-04,F,1
1985-03-05,AAPL,1
1985-03-05,F,1
1985-03-06,AAPL,1
1985-03-06,F,1
1985-03-07,AAPL,1
1985-03-07,F,1
1985-03-08,AAPL,1
1985-03-08,F,1
1985-03-11,AAPL,1
1985-03-11,F,1
1985-03-12,AAPL,1
1985-03-12,F,1
1985-03-13,AAPL,1
1985-03-13,F,1
1985-03-14,AAPL,1
1985-03-14,F,1
1985-03-15,AAPL,1
1985-03-15,F,1
1985-03-18,AAPL,1
1985-03-18,F,1
1985-03-19,AAPL,1
1985-03-19,F,1
1985-03-20,AAPL,1
1985-03-20,F,1
1985-03-21,AAPL,1
1985-03-21,F,1
1985-03-22,AAPL,1
1985-03-22,F,1
1985-03-25,AAPL,1
1985-03-25,F,1
1985-03-26,AAPL,1
1985-03-26,F,1
1985-03-27,AAPL,1
1985-03-27,F,1
1985-03-28,AAPL,-39
1985-03-28,F,1
1985-03-29,F,1
1985-04-01,F,1
1985-04-02,F,1
1985-04-03,F,1
1985-04-04,F,1
1985-04-08,F,1
1985-04-09,F,1
1985-04-10,F,1
1985-04-11,F,1
1985-04-12,F,1
1985-04-15,F,-154
1985-10-16,F,1
1985-10-17,F,1
1985-10-18,F,1
1985-10-21,F,1
1985-10-22,F,1
1985-10-23,F,1
1985-10-24,F,1
1985-10-25,F,1
1985-10-28,F,1
1985-10-29,F,1
1985-10-30,F,1
1985-10-31,F,1
1985-11-01,F,1
1985-11-04,F,1
1985-11-05,F,1
1985-11-06,F,1
1985-11-07,F,1
1985-11-08,F,1
1985-11-11,F,1
1985-11-12,F,1
1985-11-13,F,1
1985-11-14,F,1
1985-11-15,F,1
1985-11-18,F,1
1985-11-19,F,1
1985-11-20,F,1
1985-11-21,F,1
1985-11-22,F,1
1985-11-25,F,1
1985-11-26,F,1
1985-11-27,F,1
1985-11-29,F,1
1985-12-02,F,1
1985-12-03,F,1
1985-12-04,F,1
1985-12-05,F,1
1985-12-06,F,1
1985-12-09,F,1
1985-12-10,F,1
1985-12-11,F,1
1985-12-12,AAPL,1
1985-12-12,F,1
1985-12-13,AAPL,1
1985-12-13,F,1
1985-12-16,AAPL,1
1985-12-16,F,1
1985-12-17,AAPL,1
1985-12-17,F,1
1985-12-18,AAPL,1
1985-12-18,F,1
1985-12-19,AAPL,1
1985-12-19,F,1
1985-12-20,AAPL,1
1985-12-20,F,1
1985-12-23,AAPL,1
1985-12-23,F,1
1985-12-24,AAPL,1
1985-12-24,F,1
1985-12-26,AAPL,1
1985-12-26,F,1
1985-12-27,AAPL,1
1985-12-27,F,1
1985-12-30,AAPL,1
1985-12-30,F,1
1985-12-31,AAPL,1
1985-12-31,F,1
1986-01-02,AAPL,1
1986-01-02,F,1
1986-01-03,AAPL,1
1986-01-03,F,1
1986-01-06,AAPL,1
1986-01-06,F,1
1986-01-07,AAPL,1
1986-01-07,F,1
1986-01-08,AAPL,1
1986-01-08,F,1
1986-01-09,AAPL,1
1986-01-09,F,1
1986-01-10,AAPL,1
1986-01-10,F,1
1986-01-13,AAPL,1
1986-01-13,F,1
1986-01-14,AAPL,1
1986-01-14,F,1
1986-01-15,AAPL,1
1986-01-15,F,1
1986-01-16,AAPL,1
1986-01-16,F,1
1986-01-17,AAPL,1
1986-01-17,F,1
1986-01-20,AAPL,1
1986-01-20,F,1
1986-01-21,AAPL,1
1986-01-21,F,1
1986-01-22,AAPL,1
1986-01-22,F,1
1986-01-23,AAPL,1
1986-01-23,F,1
1986-01-24,AAPL,1
1986-01-24,F,1
1986-01-27,AAPL,1
1986-01-27,F,1
1986-01-28,AAPL,1
1986-01-28,F,1
1986-01-29,AAPL,1
1986-01-29,F,1
1986-01-30,AAPL,1
1986-01-30,F,1
1986-01-31,AAPL,1
1986-01-31,F,1
1986-02-03,AAPL,1
1986-02-03,F,1
1986-02-04,AAPL,1
1986-02-04,F,1
1986-02-05,AAPL,1
1986-02-05,F,1
1986-02-06,AAPL,1
1986-02-06,F,1
1986-02-07,AAPL,1
1986-02-07,F,1
1986-02-10,AAPL,1
1986-02-10,F,1
1986-02-11,AAPL,1
1986-02-11,F,1
1986-02-12,AAPL,1
1986-02-12,F,1
1986-02-13,AAPL,1
1986-02-13,F,1
1986-02-14,AAPL,1
1986-02-14,F,1
1986-02-18,AAPL,1
1986-02-18,F,1
1986-02-19,AAPL,1
1986-02-19,F,1
1986-02-20,AAPL,1
1986-02-20,F,1
1986-02-21,AAPL,1
1986-02-21,F,1
1986-02-24,AAPL,1
1986-02-24,F,1
1986-02-25,AAPL,1
1986-02-25,F,1
1986-02-26,AAPL,1
1986-02-26,F,1
1986-02-27,AAPL,1
1986-02-27,F,1
1986-02-28,AAPL,1
1986-02-28,F,1
1986-03-03,AAPL,1
1986-03-03,F,1
1986-03-04,AAPL,1
1986-03-04,F,1
1986-03-05,AAPL,1
1986-03-05,F,1
1986-03-06,AAPL,1
1986-03-06,F,1
1986-03-07,AAPL,1
1986-03-07,F,1
1986-03-10,AAPL,1
1986-03-10,F,1
1986-03-11,AAPL,1
1986-03-11,F,1
1986-03-12,AAPL,1
1986-03-12,F,1
1986-03-13,AAPL,1
1986-03-13,F,1
1986-03-14,AAPL,1
1986-03-14,F,1
1986-03-17,AAPL,1
1986-03-17,F,1
1986-03-18,AAPL,1
1986-03-18,F,1
1986-03-19,AAPL,1
1986-03-19,F,1
1986-03-20,AAPL,1
1986-03-20,F,1
1986-03-21,AAPL,1
1986-03-21,F,1
1986-03-24,AAPL,1
1986-03-24,F,1
1986-03-25,AAPL,1
1986-03-25,F,1
1986-03-26,AAPL,1
1986-03-26,F,1
1986-03-27,AAPL,1
1986-03-27,F,1
1986-03-31,AAPL,1
1986-03-31,F,1
1986-04-01,AAPL,1
1986-04-01,F,1
1986-04-02,AAPL,1
1986-04-02,F,1
1986-04-03,AAPL,1
1986-04-03,F,1
1986-04-04,AAPL,1
1986-04-04,F,1
1986-04-07,AAPL,1
1986-04-07,F,1
1986-04-08,AAPL,1
1986-04-08,F,1
1986-04-09,AAPL,1
1986-04-09,F,1
1986-04-10,AAPL,1
1986-04-10,F,1
1986-04-11,AAPL,1
1986-04-11,F,1
1986-04-14,AAPL,1
1986-04-14,F,1
1986-04-15,AAPL,1
1986-04-15,F,1
1986-04-16,AAPL,1
1986-04-16,F,1
1986-04-17,AAPL,1
1986-04-17,F,1
1986-04-18,AAPL,1
1986-04-18,F,1
1986-04-21,AAPL,1
1986-04-21,F,1
1986-04-22,AAPL,1
1986-04-22,F,1
1986-04-23,AAPL,1
1986-04-23,F,1
1986-04-24,AAPL,1
1986-04-24,F,1
1986-04-25,AAPL,1
1986-04-25,F,1
1986-04-28,AAPL,1
1986-04-28,F,1
1986-04-29,AAPL,1
1986-04-29,F,1
1986-04-30,AAPL,1
1986-04-30,F,1
1986-05-01,AAPL,1
1986-05-01,F,1
1986-05-02,AAPL,1
1986-05-02,F,1
1986-05-05,AAPL,1
1986-05-05,F,1
1986-05-06,AAPL,1
1986-05-06,F,1
1986-05-07,AAPL,1
1986-05-07,F,1
1986-05-08,AAPL,1
1986-05-08,F,1
1986-05-09,AAPL,1
1986-05-09,F,1
1986-05-12,AAPL,1
1986-05-12,F,1
1986-05-13,AAPL,1
1986-05-13,F,1
1986-05-14,AAPL,1
1986-05-14,F,1
1986-05-15,AAPL,1
1986-05-15,F,1
1986-05-16,AAPL,1
1986-05-16,F,1
1986-05-19,AAPL,1
1986-05-19,F,1
1986-05-20,AAPL,1
1986-05-20,F,1
1986-05-21,AAPL,1
1986-05-21,F,1
1986-05-22,AAPL,1
1986-05-22,F,1
1986-05-23,AAPL,1
1986-05-23,F,1
1986-05-27,AAPL,1
1986-05-27,F,1
1986-05-28,AAPL,1
1986-05-28,F,1
1986-05-29,AAPL,1
1986-05-29,F,1
1986-05-30,AAPL,1
1986-05-30,F,1
1986-06-02,AAPL,1
1986-06-02,F,1
1986-06-03,AAPL,1
1986-06-03,F,1
1986-06-04,AAPL,1
1986-06-04,F,1
1986-06-05,AAPL,1
1986-06-05,F,1
1986-06-06,AAPL,1
1986-06-06,F,1
1986-06-09,AAPL,1
1986-06-09,F,1
1986-06-10,AAPL,1
1986-06-10,F,1
1986-06-11,AAPL,1
1986-06-11,F,1
1986-06-12,AAPL,1
1986-06-12,F,1
1986-06-13,AAPL,1
1986-06-13,F,1
1986-06-16,AAPL,1
1986-06-16,F,1
1986-06-17,AAPL,1
1986-06-17,F,1
1986-06-18,AAPL,1
1986-06-18,F,1
1986-06-19,AAPL,1
1986-06-19,F,1
1986-06-20,AAPL,1
1986-06-20,F,1
1986-06-23,AAPL,1
1986-06-23,F,1
1986-06-24,AAPL,1
1986-06-24,F,1
1986-06-25,AAPL,1
1986-06-25,F,1
1986-06-26,AAPL,1
1986-06-26,F,1
1986-06-27,AAPL,1
1986-06-27,F,1
1986-06-30,AAPL,1
1986-06-30,F,1
1986-07-01,AAPL,1
1986-07-01,F,1
1986-07-02,AAPL,1
1986-07-02,F,1
1986-07-03,AAPL,1
1986-07-03,F,1
1986-07-07,AAPL,1
1986-07-07,F,1
1986-07-08,AAPL,1
1986-07-08,F,1
1986-07-09,AAPL,1
1986-07-09,F,1
1986-07-10,AAPL,1
1986-07-10,F,1
1986-07-11,AAPL,1
1986-07-11,F,1
1986-07-14,AAPL,1
1986-07-14,F,1
1986-07-15,AAPL,1
1986-07-15,F,1
1986-07-16,AAPL,1
1986-07-16,F,1
1986-07-17,AAPL,1
1986-07-17,F,1
1986-07-18,AAPL,1
1986-07-18,F,-190
1986-07-21,AAPL,1
1986-07-22,AAPL,1
1986-07-23,AAPL,1
1986-07-24,AAPL,1
1986-07-25,AAPL,1
1986-07-28,AAPL,1
1986-07-29,AAPL,1
1986-07-30,AAPL,1
1986-07-31,AAPL,1
1986-08-01,AAPL,1
1986-08-04,AAPL,1
1986-08-05,AAPL,1
1986-08-06,AAPL,1
1986-08-07,AAPL,1
1986-08-08,AAPL,1
1986-08-11,AAPL,1
1986-08-12,AAPL,1
1986-08-13,AAPL,1
1986-08-14,AAPL,1
1986-08-15,AAPL,1
1986-08-18,AAPL,1
1986-08-19,AAPL,1
1986-08-20,AAPL,1
1986-08-21,AAPL,1
1986-08-22,AAPL,1
1986-08-25,AAPL,1
1986-08-26,AAPL,1
1986-08-27,AAPL,1
1986-08-28,AAPL,1
1986-08-29,AAPL,1
1986-09-02,AAPL,1
1986-09-03,AAPL,1
1986-09-04,AAPL,1
1986-09-05,AAPL,1
1986-09-08,AAPL,1
1986-09-09,AAPL,1
1986-09-10,AAPL,1
1986-09-11,AAPL,1
1986-09-12,AAPL,1
1986-09-15,AAPL,1
1986-09-16,AAPL,1
1986-09-17,AAPL,1
1986-09-18,AAPL,1
1986-09-19,AAPL,1
1986-09-22,AAPL,1
1986-09-23,AAPL,1
1986-09-24,AAPL,1
1986-09-25,AAPL,1
1986-09-26,AAPL,1
1986-09-29,AAPL,1
1986-09-30,AAPL,1
1986-10-01,AAPL,1
1986-10-02,AAPL,1
1986-10-03,AAPL,1
1986-10-06,AAPL,1
1986-10-07,AAPL,1
1986-10-08,AAPL,1
1986-10-09,AAPL,1
1986-10-10,AAPL,1
1986-10-13,AAPL,1
1986-10-14,AAPL,1
1986-10-15,AAPL,1
1986-10-16,AAPL,1
1986-10-17,AAPL,1
1986-10-20,AAPL,1
1986-10-21,AAPL,1
1986-10-22,AAPL,1
1986-10-23,AAPL,1
1986-10-24,AAPL,1
1986-10-27,AAPL,1
1986-10-28,AAPL,1
1986-10-29,AAPL,1
1986-10-30,AAPL,1
1986-10-31,AAPL,1
1986-11-03,AAPL,1
1986-11-04,AAPL,1
1986-11-05,AAPL,1
1986-11-06,AAPL,1
1986-11-07,AAPL,1
1986-11-10,AAPL,1
1986-11-11,AAPL,1
1986-11-12,AAPL,1
1986-11-13,AAPL,1
1986-11-14,AAPL,1
1986-11-17,AAPL,1
1986-11-18,AAPL,1
1986-11-19,AAPL,1
1986-11-20,AAPL,1
1986-11-21,AAPL,1
1986-11-24,AAPL,1
1986-11-25,AAPL,1
1986-11-26,AAPL,1
1986-11-28,AAPL,1
1986-12-01,AAPL,1
1986-12-02,AAPL,1
1986-12-03,AAPL,1
1986-12-04,AAPL,1
1986-12-05,AAPL,1
1986-12-08,AAPL,1
1986-12-09,AAPL,1
1986-12-10,AAPL,1
1986-12-11,AAPL,1
1986-12-12,AAPL,1
1986-12-15,AAPL,1
1986-12-16,AAPL,1
1986-12-17,AAPL,1
1986-12-18,AAPL,1
1986-12-19,AAPL,1
1986-12-22,AAPL,1
1986-12-23,AAPL,1
1986-12-24,AAPL,1
1986-12-26,AAPL,1
1986-12-29,AAPL,1
1986-12-30,AAPL,1
1986-12-31,AAPL,1
1987-01-02,AAPL,1
1987-01-05,AAPL,1
1987-01-06,AAPL,1
1987-01-07,AAPL,1
1987-01-08,AAPL,1
1987-01-09,AAPL,1
1987-01-12,AAPL,1
1987-01-13,AAPL,1
1987-01-14,AAPL,1
1987-01-15,AAPL,1
1987-01-16,AAPL,1
1987-01-19,AAPL,1
1987-01-20,AAPL,1
1987-01-21,AAPL,1
1987-01-22,AAPL,1
1987-01-23,AAPL,1
1987-01-26,AAPL,1
1987-01-27,AAPL,1
1987-01-28,AAPL,1
1987-01-28,F,1
1987-01-29,AAPL,1
1987-01-29,F,1
1987-01-30,AAPL,1
1987-01-30,F,1
1987-02-02,AAPL,1
1987-02-02,F,1
1987-02-03,AAPL,1
1987-02-03,F,1
1987-02-04,AAPL,1
1987-02-04,F,1
1987-02-05,AAPL,1
1987-02-05,F,1
1987-02-06,AAPL,1
1987-02-06,F,1
1987-02-09,AAPL,1
1987-02-09,F,1
1987-02-10,AAPL,1
1987-02-10,F,1
1987-02-11,AAPL,1
1987-02-11,F,1
1987-02-12,AAPL,1
1987-02-12,F,1
1987-02-13,AAPL,1
1987-02-13,F,1
1987-02-17,AAPL,1
1987-02-17,F,1
1987-02-18,AAPL,1
1987-02-18,F,1
1987-02-19,AAPL,1
1987-02-19,F,1
1987-02-20,AAPL,1
1987-02-20,F,1
1987-02-23,AAPL,1
1987-02-23,F,1
1987-02-24,AAPL,1
1987-02-24,F,1
1987-02-25,AAPL,1
1987-02-25,F,1
1987-02-26,AAPL,1
1987-02-26,F,1
1987-02-27,AAPL,1
1987-02-27,F,1
1987-03-02,AAPL,1
1987-03-02,F,1
1987-03-03,AAPL,1
1987-03-03,F,1
1987-03-04,AAPL,1
1987-03-04,F,1
1987-03-05,AAPL,1
1987-03-05,F,1
1987-03-06,AAPL,1
1987-03-06,F,1
1987-03-09,AAPL,1
1987-03-09,F,1
1987-03-10,AAPL,1
1987-03-10,F,1
1987-03-11,AAPL,1
1987-03-11,F,1
1987-03-12,AAPL,1
1987-03-12,F,1
1987-03-13,AAPL,1
1987-03-13,F,1
1987-03-16,AAPL,1
1987-03-16,F,1
1987-03-17,AAPL,1
1987-03-17,F,1
1987-03-18,AAPL,1
1987-03-18,F,1
1987-03-19,AAPL,1
1987-03-19,F,1
1987-03-20,AAPL,1
1987-03-20,F,1
1987-03-23,AAPL,1
1987-03-23,F,1
1987-03-24,AAPL,1
1987-03-24,F,1
1987-03-25,AAPL,1
1987-03-25,F,1
1987-03-26,AAPL,1
1987-03-26,F,1
1987-03-27,AAPL,1
1987-03-27,F,1
1987-03-30,AAPL,1
1987-03-30,F,1
1987-03-31,AAPL,1
1987-03-31,F,1
1987-04-01,AAPL,1
1987-04-01,F,1
1987-04-02,AAPL,1
1987-04-02,F,1
1987-04-03,AAPL,1
1987-04-03,F,1
1987-04-06,AAPL,1
1987-04-06,F,1
1987-04-07,AAPL,1
1987-04-07,F,1
1987-04-08,AAPL,1
1987-04-08,F,1
1987-04-09,AAPL,1
1987-04-09,F,1
1987-04-10,AAPL,1
1987-04-10,F,1
1987-04-13,AAPL,1
1987-04-13,F,1
1987-04-14,AAPL,1
1987-04-14,F,1
1987-04-15,AAPL,1
1987-04-15,F,1
1987-04-16,AAPL,1
1987-04-16,F,1
1987-04-20,AAPL,1
1987-04-20,F,1
1987-04-21,AAPL,1
1987-04-21,F,1
1987-04-22,AAPL,1
1987-04-22,F,1
1987-04-23,AAPL,1
1987-04-23,F,1
1987-04-24,AAPL,1
1987-04-24,F,1
1987-04-27,AAPL,1
1987-04-27,F,1
1987-04-28,AAPL,1
1987-04-28,F,1
1987-04-29,AAPL,1
1987-04-29,F,1
1987-04-30,AAPL,1
1987-04-30,F,1
1987-05-01,AAPL,1
1987-05-01,F,1
1987-05-04,AAPL,1
1987-05-04,F,1
1987-05-05,AAPL,1
1987-05-05,F,1
1987-05-06,AAPL,1
1987-05-06,F,1
1987-05-07,AAPL,1
1987-05-07,F,1
1987-05-08,AAPL,1
1987-05-08,F,1
1987-05-11,AAPL,1
1987-05-11,F,1
1987-05-12,AAPL,1
1987-05-12,F,1
1987-05-13,AAPL,1
1987-05-13,F,1
1987-05-14,AAPL,1
1987-05-14,F,1
1987-05-15,AAPL,1
1987-05-15,F,1
1987-05-18,AAPL,1
1987-05-18,F,1
1987-05-19,AAPL,1
1987-05-19,F,1
1987-05-20,AAPL,1
1987-05-20,F,1
1987-05-21,AAPL,1
1987-05-21,F,1
1987-05-22,AAPL,1
1987-05-22,F,1
1987-05-26,AAPL,1
1987-05-26,F,1
1987-05-27,AAPL,1
1987-05-27,F,1
1987-05-28,AAPL,1
1987-05-28,F,1
1987-05-29,AAPL,1
1987-05-29,F,1
1987-06-01,AAPL,1
1987-06-01,F,1
1987-06-02,AAPL,1
1987-06-02,F,1
1987-06-03,AAPL,1
1987-06-03,F,1
1987-06-04,AAPL,1
1987-06-04,F,1
1987-06-05,AAPL,1
1987-06-05,F,1
1987-06-08,AAPL,1
1987-06-08,F,1
1987-06-09,AAPL,1
1987-06-09,F,1
1987-06-10,AAPL,1
1987-06-10,F,1
1987-06-11,AAPL,1
1987-06-11,F,1
1987-06-12,AAPL,1
1987-06-12,F,1
1987-06-15,AAPL,1
1987-06-15,F,1
1987-06-16,AAPL,1
1987-06-16,F,1
1987-06-17,AAPL,1
1987-06-17,F,1
1987-06-18,AAPL,1
1987-06-18,F,1
1987-06-19,AAPL,1
1987-06-19,F,1
1987-06-22,AAPL,1
1987-06-22,F,1
1987-06-23,AAPL,1
1987-06-23,F,1
1987-06-24,AAPL,1
1987-06-24,F,1
1987-06-25,AAPL,1
1987-06-25,F,1
1987-06-26,AAPL,1
1987-06-26,F,1
1987-06-29,AAPL,1
1987-06-29,F,1
1987-06-30,AAPL,1
1987-06-30,F,1
1987-07-01,AAPL,1
1987-07-01,F,1
1987-07-02,AAPL,1
1987-07-02,F,1
1987-07-06,AAPL,1
1987-07-06,F,1
1987-07-07,AAPL,1
1987-07-07,F,1
1987-07-08,AAPL,1
1987-07-08,F,1
1987-07-09,AAPL,1
1987-07-09,F,1
1987-07-10,AAPL,1
1987-07-10,F,1
1987-07-13,AAPL,1
1987-07-13,F,1
1987-07-14,AAPL,1
1987-07-14,F,1
1987-07-15,AAPL,1
1987-07-15,F,1
1987-07-16,AAPL,1
1987-07-16,F,1
1987-07-17,AAPL,1
1987-07-17,F,1
1987-07-20,AAPL,1
1987-07-20,F,1
1987-07-21,AAPL,1
1987-07-21,F,1
1987-07-22,AAPL,1
1987-07-22,F,1
1987-07-23,AAPL,1
1987-07-23,F,1
1987-07-24,AAPL,1
1987-07-24,F,1
1987-07-27,AAPL,1
1987-07-27,F,1
1987-07-28,AAPL,1
1987-07-28,F,1
1987-07-29,AAPL,1
1987-07-29,F,1
1987-07-30,AAPL,1
1987-07-30,F,1
1987-07-31,AAPL,-412
1987-07-31,F,1
1987-08-03,F,1
1987-08-04,F,1
1987-08-05,F,1
1987-08-06,F,1
1987-08-07,F,1
1987-08-10,F,1
1987-08-11,F,1
1987-08-12,F,1
1987-08-13,F,1
1987-08-14,F,1
1987-08-17,F,1
1987-08-18,F,1
1987-08-19,F,1
1987-08-20,F,1
1987-08-21,F,1
1987-08-24,F,1
1987-08-25,F,1
1987-08-26,F,1
1987-08-27,F,1
1987-08-28,F,1
1987-08-31,F,1
1987-09-01,F,1
1987-09-02,F,1
1987-09-03,F,1
1987-09-04,F,1
1987-09-08,F,1
1987-09-09,F,1
1987-09-10,F,1
1987-09-11,F,1
1987-09-14,F,1
1987-09-15,F,1
1987-09-16,F,1
1987-09-17,F,1
1987-09-18,F,1
1987-09-21,F,1
1987-09-22,F,1
1987-09-23,F,1
1987-09-24,F,1
1987-09-25,F,1
1987-09-28,F,1
1987-09-29,F,1
1987-09-30,F,1
1987-10-01,F,1
1987-10-02,F,1
1987-10-05,F,1
1987-10-06,F,1
1987-10-07,F,1
1987-10-08,F,1
1987-10-09,F,1
1987-10-12,F,1
1987-10-13,F,1
1987-10-14,F,1
1987-10-15,F,1
1987-10-16,F,1
1987-10-19,F,1
1987-10-20,F,1
1987-10-21,F,1
1987-10-22,F,1
1987-10-23,F,1
1987-10-26,F,1
1987-10-27,F,1
1987-10-28,F,1
1987-10-29,F,1
1987-10-30,F,1
1987-11-02,F,1
1987-11-03,F,1
1987-11-04,F,1
1987-11-05,F,1
1987-11-06,F,1
1987-11-09,F,1
1987-11-10,F,-199
1988-07-01,AAPL,1
1988-07-05,AAPL,1
1988-07-06,AAPL,1
1988-07-07,AAPL,1
1988-07-08,AAPL,1
1988-07-11,AAPL,1
1988-07-12,AAPL,1
1988-07-13,AAPL,1
1988-07-14,AAPL,1
1988-07-15,AAPL,1
1988-07-18,AAPL,1
1988-07-19,AAPL,1
1988-07-20,AAPL,1
1988-07-21,AAPL,1
1988-07-22,AAPL,1
1988-07-25,AAPL,1
1988-07-26,AAPL,1
1988-07-27,AAPL,1
1988-07-28,AAPL,1
1988-07-29,AAPL,1
1988-08-01,AAPL,1
1988-08-02,AAPL,1
1988-08-03,AAPL,1
1988-08-04,AAPL,1
1988-08-05,AAPL,1
1988-08-08,AAPL,1
1988-08-09,AAPL,1
1988-08-10,AAPL,1
1988-08-11,AAPL,1
1988-08-12,AAPL,1
1988-08-15,AAPL,1
1988-08-16,AAPL,1
1988-08-17,AAPL,1
1988-08-18,AAPL,1
1988-08-19,AAPL,1
1988-08-22,AAPL,1
1988-08-23,AAPL,1
1988-08-24,AAPL,1
1988-08-25,AAPL,1
1988-08-26,AAPL,1
1988-08-29,AAPL,1
1988-08-30,AAPL,1
1988-08-31,AAPL,1
1988-09-01,AAPL,1
1988-09-02,AAPL,1
1988-09-06,AAPL,1
1988-09-07,AAPL,1
1988-09-08,AAPL,1
1988-09-09,AAPL,1
1988-09-12,AAPL,1
1988-09-13,AAPL,1
1988-09-14,AAPL,1
1988-09-15,AAPL,1
1988-09-16,AAPL,1
1988-09-19,AAPL,1
1988-09-20,AAPL,1
1988-09-21,AAPL,1
1988-09-22,AAPL,1
1988-09-23,AAPL,1
1988-09-26,AAPL,-59
1988-09-30,F,1
1988-10-03,F,1
1988-10-04,F,1
1988-10-05,F,1
1988-10-06,F,1
1988-10-07,F,1
1988-10-10,F,1
1988-10-11,F,1
1988-10-12,F,1
1988-10-13,F,1
1988-10-14,F,1
1988-10-17,F,1
1988-10-18,F,1
1988-10-19,F,1
1988-10-20,F,1
1988-10-21,F,1
1988-10-24,F,1
1988-10-25,F,1
1988-10-26,F,1
1988-10-27,F,1
1988-10-28,F,1
1988-10-31,F,1
1988-11-01,F,1
1988-11-02,F,1
1988-11-03,F,1
1988-11-04,F,1
1988-11-07,F,1
1988-11-08,F,1
1988-11-09,F,1
1988-11-10,F,1
1988-11-11,F,1
1988-11-14,F,1
1988-11-15,F,1
1988-11-16,F,1
1988-11-17,F,1
1988-11-18,F,1
1988-11-21,F,1
1988-11-22,F,1
1988-11-23,F,1
1988-11-25,F,1
1988-11-28,F,1
1988-11-29,F,1
1988-11-30,F,1
1988-12-01,F,1
1988-12-02,F,1
1988-12-05,F,1
1988-12-06,F,1
1988-12-07,F,1
1988-12-08,F,1
1988-12-09,F,1
1988-12-12,F,1
1988-12-13,F,1
1988-12-14,F,1
1988-12-15,F,1
1988-12-16,F,1
1988-12-19,F,1
1988-12-20,F,1
1988-12-21,F,1
1988-12-22,F,1
1988-12-23,F,1
1988-12-27,F,1
1988-12-28,F,1
1988-12-29,F,1
1988-12-30,F,1
1989-01-03,F,1
1989-01-04,F,1
1989-01-05,F,1
1989-01-06,F,1
1989-01-09,F,1
1989-01-10,F,1
1989-01-11,F,1
1989-01-12,F,1
1989-01-13,F,1
1989-01-16,F,1
1989-01-17,F,1
1989-01-18,F,1
1989-01-19,F,1
1989-01-20,F,1
1989-01-23,F,1
1989-01-24,F,1
1989-01-25,F,1
1989-01-26,F,1
1989-01-27,F,1
1989-01-30,F,1
1989-01-31,F,1
1989-02-01,F,1
1989-02-02,F,1
1989-02-03,F,1
1989-02-06,F,1
1989-02-07,F,1
1989-02-08,F,1
1989-02-09,F,1
1989-02-10,F,1
1989-02-13,F,1
1989-02-14,F,1
1989-02-15,F,1
1989-02-16,F,1
1989-02-17,F,1
1989-02-21,F,1
1989-02-22,F,1
1989-02-23,F,1
1989-02-24,F,1
1989-02-27,F,1
1989-02-28,F,1
1989-03-01,F,1
1989-03-02,F,1
1989-03-03,F,1
1989-03-06,F,1
1989-03-07,F,1
1989-03-08,F,1
1989-03-09,F,1
1989-03-10,F,1
1989-03-13,F,1
1989-03-14,F,1
1989-03-15,F,1
1989-03-16,F,1
1989-03-17,F,1
1989-03-20,F,1
1989-03-21,F,1
1989-03-22,F,1
1989-03-23,F,1
1989-03-27,F,1
1989-03-28,F,1
1989-03-29,F,1
1989-03-30,F,1
1989-03-31,F,1
1989-04-03,F,1
1989-04-04,F,1
1989-04-05,F,1
1989-04-06,F,1
1989-04-07,F,1
1989-04-10,F,1
1989-04-11,F,1
1989-04-12,F,1
1989-04-13,F,-134
1989-05-26,AAPL,1
1989-05-30,AAPL,1
1989-05-31,AAPL,1
1989-06-01,AAPL,1
1989-06-02,AAPL,1
1989-06-05,AAPL,1
1989-06-06,AAPL,1
1989-06-07,AAPL,1
1989-06-08,AAPL,1
1989-06-09,AAPL,1
1989-06-12,AAPL,1
1989-06-13,AAPL,1
1989-06-14,AAPL,1
1989-06-15,AAPL,1
1989-06-16,AAPL,1
1989-06-19,AAPL,1
1989-06-20,AAPL,1
1989-06-21,AAPL,1
1989-06-22,AAPL,1
1989-06-23,AAPL,1
1989-06-26,AAPL,1
1989-06-27,AAPL,1
1989-06-28,AAPL,1
1989-06-29,AAPL,1
1989-06-30,AAPL,1
1989-07-03,AAPL,1
1989-07-05,AAPL,1
1989-07-06,AAPL,1
1989-07-07,AAPL,1
1989-07-10,AAPL,1
1989-07-11,AAPL,1
1989-07-12,AAPL,1
1989-07-13,AAPL,1
1989-07-14,AAPL,1
1989-07-17,AAPL,1
1989-07-18,AAPL,1
1989-07-19,AAPL,1
1989-07-20,AAPL,1
1989-07-21,AAPL,1
1989-07-24,AAPL,1
1989-07-25,AAPL,1
1989-07-26,AAPL,1
1989-07-27,AAPL,1
1989-07-28,AAPL,1
1989-07-31,AAPL,1
1989-08-01,AAPL,1
1989-08-02,AAPL,1
1989-08-03,AAPL,1
1989-08-04,AAPL,1
1989-08-07,AAPL,1
1989-08-08,AAPL,1
1989-08-09,AAPL,1
1989-08-10,AAPL,1
1989-08-11,AAPL,1
1989-08-14,AAPL,1
1989-08-15,AAPL,1
1989-08-16,AAPL,1
1989-08-17,AAPL,1
1989-08-18,AAPL,1
1989-08-21,AAPL,1
1989-08-22,AAPL,1
1989-08-23,AAPL,1
1989-08-24,AAPL,1
1989-08-25,AAPL,1
1989-08-28,AAPL,1
1989-08-29,AAPL,1
1989-08-30,AAPL,1
1989-08-31,AAPL,1
1989-09-01,AAPL,1
1989-09-05,AAPL,1
1989-09-06,AAPL,1
1989-09-07,AAPL,1
1989-09-08,AAPL,1
1989-09-11,AAPL,1
1989-09-11,F,1
1989-09-12,AAPL,1
1989-09-12,F,1
1989-09-13,AAPL,1
1989-09-13,F,1
1989-09-14,AAPL,1
1989-09-14,F,1
1989-09-15,AAPL,1
1989-09-15,F,1
1989-09-18,AAPL,1
1989-09-18,F,1
1989-09-19,AAPL,1
1989-09-19,F,1
1989-09-20,AAPL,1
1989-09-20,F,1
1989-09-21,AAPL,1
1989-09-21,F,1
1989-09-22,AAPL,1
1989-09-22,F,1
1989-09-25,AAPL,1
1989-09-25,F,1
1989-09-26,AAPL,1
1989-09-26,F,1
1989-09-27,AAPL,1
1989-09-27,F,1
1989-09-28,AAPL,1
1989-09-28,F,1
1989-09-29,AAPL,1
1989-09-29,F,1
1989-10-02,AAPL,1
1989-10-02,F,1
1989-10-03,AAPL,1
1989-10-03,F,1
1989-10-04,AAPL,1
1989-10-04,F,1
1989-10-05,AAPL,1
1989-10-05,F,1
1989-10-06,AAPL,1
1989-10-06,F,1
1989-10-09,AAPL,1
1989-10-09,F,1
1989-10-10,AAPL,1
1989-10-10,F,1
1989-10-11,AAPL,1
1989-10-11,F,1
1989-10-12,AAPL,1
1989-10-12,F,1
1989-10-13,AAPL,1
1989-10-13,F,1
1989-10-16,AAPL,1
1989-10-16,F,1
1989-10-17,AAPL,1
1989-10-17,F,1
1989-10-18,AAPL,1
1989-10-18,F,1
1989-10-19,AAPL,1
1989-10-19,F,1
1989-10-20,AAPL,1
1989-10-20,F,1
1989-10-23,AAPL,1
1989-10-23,F,1
1989-10-24,AAPL,1
1989-10-24,F,1
1989-10-25,AAPL,1
1989-10-25,F,1
1989-10-26,AAPL,1
1989-10-26,F,1
1989-10-27,AAPL,1
1989-10-27,F,1
1989-10-30,AAPL,1
1989-10-30,F,1
1989-10-31,AAPL,1
1989-10-31,F,1
1989-11-01,AAPL,1
1989-11-01,F,1
1989-11-02,AAPL,1
1989-11-02,F,1
1989-11-03,AAPL,1
1989-11-03,F,1
1989-11-06,AAPL,1
1989-11-06,F,1
1989-11-07,AAPL,1
1989-11-07,F,1
1989-11-08,AAPL,1
1989-11-08,F,1
1989-11-09,AAPL,1
1989-11-09,F,1
1989-11-10,AAPL,1
1989-11-10,F,1
1989-11-13,AAPL,1
1989-11-13,F,1
1989-11-14,AAPL,1
1989-11-14,F,1
1989-11-15,AAPL,1
1989-11-15,F,1
1989-11-16,AAPL,1
1989-11-16,F,-48
1989-11-17,AAPL,1
1989-11-20,AAPL,1
1989-11-21,AAPL,1
1989-11-22,AAPL,1
1989-11-24,AAPL,1
1989-11-27,AAPL,1
1989-11-28,AAPL,1
1989-11-29,AAPL,1
1989-11-30,AAPL,1
1989-12-01,AAPL,1
1989-12-04,AAPL,1
1989-12-05,AAPL,1
1989-12-06,AAPL,1
1989-12-07,AAPL,1
1989-12-08,AAPL,1
1989-12-11,AAPL,1
1989-12-12,AAPL,1
1989-12-13,AAPL,1
1989-12-14,AAPL,1
1989-12-15,AAPL,1
1989-12-18,AAPL,1
1989-12-19,AAPL,1
1989-12-20,AAPL,1
1989-12-21,AAPL,1
1989-12-22,AAPL,1
1989-12-26,AAPL,1
1989-12-27,AAPL,1
1989-12-28,AAPL,1
1989-12-29,AAPL,1
1990-01-02,AAPL,-151
1990-05-23,AAPL,1
1990-05-24,AAPL,1
1990-05-25,AAPL,1
1990-05-29,AAPL,1
1990-05-30,AAPL,1
1990-05-31,AAPL,1
1990-06-01,AAPL,1
1990-06-04,AAPL,1
1990-06-05,AAPL,1
1990-06-06,AAPL,1
1990-06-07,AAPL,1
1990-06-08,AAPL,1
1990-06-11,AAPL,1
1990-06-12,AAPL,1
1990-06-13,AAPL,1
1990-06-14,AAPL,1
1990-06-15,AAPL,1
1990-06-18,AAPL,1
1990-06-19,AAPL,1
1990-06-20,AAPL,1
1990-06-21,AAPL,1
1990-06-22,AAPL,1
1990-06-25,AAPL,1
1990-06-26,AAPL,1
1990-06-27,AAPL,1
1990-06-28,AAPL,1
1990-06-29,AAPL,1
1990-07-02,AAPL,1
1990-07-03,AAPL,1
1990-07-05,AAPL,1
1990-07-06,AAPL,1
1990-07-09,AAPL,1
1990-07-10,AAPL,1
1990-07-11,AAPL,1
1990-07-12,AAPL,1
1990-07-13,AAPL,1
1990-07-16,AAPL,1
1990-07-17,AAPL,1
1990-07-18,AAPL,1
1990-07-19,AAPL,1
1990-07-20,AAPL,1
1990-07-23,AAPL,1
1990-07-24,AAPL,1
1990-07-25,AAPL,1
1990-07-26,AAPL,1
1990-07-27,AAPL,1
1990-07-30,AAPL,1
1990-07-31,AAPL,1
1990-08-01,AAPL,1
1990-08-02,AAPL,1
1990-08-03,AAPL,1
1990-08-06,AAPL,1
1990-08-07,AAPL,1
1990-08-08,AAPL,1
1990-08-09,AAPL,1
1990-08-10,AAPL,1
1990-08-13,AAPL,1
1990-08-14,AAPL,1
1990-08-15,AAPL,1
1990-08-16,AAPL,1
1990-08-17,AAPL,1
1990-08-20,AAPL,1
1990-08-21,AAPL,1
1990-08-22,AAPL,1
1990-08-23,AAPL,1
1990-08-24,AAPL,1
1990-08-27,AAPL,1
1990-08-28,AAPL,1
1990-08-29,AAPL,1
1990-08-30,AAPL,1
1990-08-31,AAPL,1
1990-09-04,AAPL,1
1990-09-05,AAPL,1
1990-09-06,AAPL,1
1990-09-07,AAPL,1
1990-09-10,AAPL,1
1990-09-11,AAPL,1
1990-09-12,AAPL,1
1990-09-13,AAPL,1
1990-09-14,AAPL,1
1990-09-17,AAPL,1
1990-09-18,AAPL,1
1990-09-19,AAPL,1
1990-09-20,AAPL,1
1990-09-21,AAPL,1
1990-09-24,AAPL,-85
1991-01-10,AAPL,1
1991-01-11,AAPL,1
1991-01-14,AAPL,1
1991-01-15,AAPL,1
1991-01-16,AAPL,1
1991-01-17,AAPL,1
1991-01-18,AAPL,1
1991-01-21,AAPL,1
1991-01-22,AAPL,1
1991-01-23,AAPL,1
1991-01-24,AAPL,1
1991-01-25,AAPL,1
1991-01-28,AAPL,1
1991-01-29,AAPL,1
1991-01-30,AAPL,1
1991-01-31,AAPL,1
1991-02-01,AAPL,1
1991-02-04,AAPL,1
1991-02-05,AAPL,1
1991-02-06,AAPL,1
1991-02-07,AAPL,1
1991-02-08,AAPL,1
1991-02-11,AAPL,1
1991-02-12,AAPL,1
1991-02-13,AAPL,1
1991-02-14,AAPL,1
1991-02-15,AAPL,1
1991-02-19,AAPL,1
1991-02-20,AAPL,1
1991-02-21,AAPL,1
1991-02-22,AAPL,1
1991-02-25,AAPL,1
1991-02-26,AAPL,1
1991-02-27,AAPL,1
1991-02-28,AAPL,1
1991-03-01,AAPL,1
1991-03-04,AAPL,1
1991-03-05,AAPL,1
1991-03-06,AAPL,1
1991-03-07,AAPL,1
1991-03-08,AAPL,1
1991-03-11,AAPL,1
1991-03-12,AAPL,1
1991-03-13,AAPL,1
1991-03-14,AAPL,1
1991-03-15,AAPL,1
1991-03-18,AAPL,1
1991-03-19,AAPL,1
1991-03-20,AAPL,1
1991-03-21,AAPL,1
1991-03-22,AAPL,1
1991-03-25,AAPL,1
1991-03-26,AAPL,1
1991-03-27,AAPL,1
1991-03-28,AAPL,1
1991-04-01,AAPL,1
1991-04-02,AAPL,1
1991-04-03,AAPL,1
1991-04-04,AAPL,1
1991-04-05,AAPL,1
1991-04-08,AAPL,1
1991-04-09,AAPL,1
1991-04-10,AAPL,1
1991-04-11,AAPL,1
1991-04-12,AAPL,1
1991-04-15,AAPL,1
1991-04-16,AAPL,1
1991-04-17,AAPL,1
1991-04-18,AAPL,1
1991-04-19,AAPL,1
1991-04-19,F,1
1991-04-22,AAPL,1
1991-04-22,F,1
1991-04-23,AAPL,1
1991-04-23,F,1
1991-04-24,AAPL,1
1991-04-24,F,1
1991-04-25,AAPL,1
1991-04-25,F,1
1991-04-26,AAPL,1
1991-04-26,F,1
1991-04-29,AAPL,1
1991-04-29,F,1
1991-04-30,AAPL,1
1991-04-30,F,1
1991-05-01,AAPL,1
1991-05-01,F,1
1991-05-02,AAPL,1
1991-05-02,F,1
1991-05-03,AAPL,1
1991-05-03,F,1
1991-05-06,AAPL,1
1991-05-06,F,1
1991-05-07,AAPL,1
1991-05-07,F,1
1991-05-08,AAPL,1
1991-05-08,F,1
1991-05-09,AAPL,1
1991-05-09,F,1
1991-05-10,AAPL,1
1991-05-10,F,1
1991-05-13,AAPL,1
1991-05-13,F,1
1991-05-14,AAPL,1
1991-05-14,F,1
1991-05-15,AAPL,1
1991-05-15,F,1
1991-05-16,AAPL,1
1991-05-16,F,1
1991-05-17,AAPL,1
1991-05-17,F,1
1991-05-20,AAPL,1
1991-05-20,F,1
1991-05-21,AAPL,1
1991-05-21,F,1
1991-05-22,AAPL,1
1991-05-22,F,1
1991-05-23,AAPL,1
1991-05-23,F,1
1991-05-24,AAPL,1
1991-05-24,F,1
1991-05-28,AAPL,1
1991-05-28,F,1
1991-05-29,AAPL,1
1991-05-29,F,1
1991-05-30,AAPL,1
1991-05-30,F,1
1991-05-31,AAPL,1
1991-05-31,F,1
1991-06-03,AAPL,1
1991-06-03,F,1
1991-06-04,AAPL,1
1991-06-04,F,1
1991-06-05,AAPL,1
1991-06-05,F,1
1991-06-06,AAPL,1
1991-06-06,F,1
1991-06-07,AAPL,1
1991-06-07,F,1
1991-06-10,AAPL,1
1991-06-10,F,1
1991-06-11,AAPL,1
1991-06-11,F,1
1991-06-12,AAPL,1
1991-06-12,F,1
1991-06-13,AAPL,1
1991-06-13,F,1
1991-06-14,AAPL,1
1991-06-14,F,1
1991-06-17,AAPL,1
1991-06-17,F,1
1991-06-18,AAPL,1
1991-06-18,F,1
1991-06-19,AAPL,1
1991-06-19,F,1
1991-06-20,AAPL,1
1991-06-20,F,1
1991-06-21,AAPL,1
1991-06-21,F,1
1991-06-24,AAPL,1
1991-06-24,F,1
1991-06-25,AAPL,1
1991-06-25,F,1
1991-06-26,AAPL,1
1991-06-26,F,1
1991-06-27,AAPL,1
1991-06-27,F,1
1991-06-28,AAPL,1
1991-06-28,F,1
1991-07-01,AAPL,1
1991-07-01,F,1
1991-07-02,AAPL,1
1991-07-02,F,1
1991-07-03,AAPL,1
1991-07-03,F,1
1991-07-05,AAPL,-122
1991-07-05,F,1
1991-07-08,F,1
1991-07-09,F,1
1991-07-10,F,1
1991-07-11,F,1
1991-07-12,F,1
1991-07-15,F,1
1991-07-16,F,1
1991-07-17,F,1
1991-07-18,F,1
1991-07-19,F,1
1991-07-22,F,1
1991-07-23,F,1
1991-07-24,F,1
1991-07-25,F,1
1991-07-26,F,1
1991-07-29,F,1
1991-07-30,F,1
1991-07-31,F,1
1991-08-01,F,1
1991-08-02,F,1
1991-08-05,F,1
1991-08-06,F,1
1991-08-07,F,1
1991-08-08,F,1
1991-08-09,F,1
1991-08-12,F,1
1991-08-13,F,1
1991-08-14,F,1
1991-08-15,F,1
1991-08-16,F,1
1991-08-19,F,1
1991-08-20,F,1
1991-08-21,F,1
1991-08-22,F,1
1991-08-23,F,1
1991-08-26,F,1
1991-08-27,F,1
1991-08-28,F,1
1991-08-29,F,1
1991-08-30,F,1
1991-09-03,F,1
1991-09-04,F,1
1991-09-05,F,1
1991-09-06,F,1
1991-09-09,F,1
1991-09-10,F,1
1991-09-11,F,1
1991-09-12,F,1
1991-09-13,F,1
1991-09-16,F,1
1991-09-17,F,1
1991-09-18,F,1
1991-09-19,F,1
1991-09-20,F,1
1991-09-23,F,1
1991-09-24,F,1
1991-09-25,F,1
1991-09-26,F,-111
1992-01-03,AAPL,1
1992-01-06,AAPL,1
1992-01-07,AAPL,1
1992-01-08,AAPL,1
1992-01-09,AAPL,1
1992-01-10,AAPL,1
1992-01-13,AAPL,1
1992-01-14,AAPL,1
1992-01-15,AAPL,1
1992-01-16,AAPL,1
1992-01-17,AAPL,1
1992-01-20,AAPL,1
1992-01-21,AAPL,1
1992-01-22,AAPL,1
1992-01-23,AAPL,1
1992-01-24,AAPL,1
1992-01-27,AAPL,1
1992-01-28,AAPL,1
1992-01-29,AAPL,1
1992-01-30,AAPL,1
1992-01-31,AAPL,1
1992-02-03,AAPL,1
1992-02-04,AAPL,1
1992-02-05,AAPL,1
1992-02-06,AAPL,1
1992-02-07,AAPL,1
1992-02-10,AAPL,1
1992-02-11,AAPL,1
1992-02-12,AAPL,1
1992-02-13,AAPL,1
1992-02-14,AAPL,1
1992-02-18,AAPL,1
1992-02-19,AAPL,1
1992-02-20,AAPL,1
1992-02-21,AAPL,1
1992-02-24,AAPL,1
1992-02-25,AAPL,1
1992-02-25,F,1
1992-02-26,AAPL,1
1992-02-26,F,1
1992-02-27,AAPL,1
1992-02-27,F,1
1992-02-28,AAPL,1
1992-02-28,F,1
1992-03-02,AAPL,1
1992-03-02,F,1
1992-03-03,AAPL,1
1992-03-03,F,1
1992-03-04,AAPL,1
1992-03-04,F,1
1992-03-05,AAPL,1
1992-03-05,F,1
1992-03-06,AAPL,1
1992-03-06,F,1
1992-03-09,AAPL,1
1992-03-09,F,1
1992-03-10,AAPL,1
1992-03-10,F,1
1992-03-11,AAPL,1
1992-03-11,F,1
1992-03-12,AAPL,1
1992-03-12,F,1
1992-03-13,AAPL,1
1992-03-13,F,1
1992-03-16,AAPL,1
1992-03-16,F,1
1992-03-17,AAPL,1
1992-03-17,F,1
1992-03-18,AAPL,1
1992-03-18,F,1
1992-03-19,AAPL,1
1992-03-19,F,1
1992-03-20,AAPL,1
1992-03-20,F,1
1992-03-23,AAPL,1
1992-03-23,F,1
1992-03-24,AAPL,1
1992-03-24,F,1
1992-03-25,AAPL,1
1992-03-25,F,1
1992-03-26,AAPL,1
1992-03-26,F,1
1992-03-27,AAPL,1
1992-03-27,F,1
1992-03-30,AAPL,1
1992-03-30,F,1
1992-03-31,AAPL,1
1992-03-31,F,1
1992-04-01,AAPL,1
1992-04-01,F,1
1992-04-02,AAPL,1
1992-04-02,F,1
1992-04-03,AAPL,1
1992-04-03,F,1
1992-04-06,AAPL,1
1992-04-06,F,1
1992-04-07,AAPL,1
1992-04-07,F,1
1992-04-08,AAPL,1
1992-04-08,F,1
1992-04-09,AAPL,1
1992-04-09,F,1
1992-04-10,AAPL,1
1992-04-10,F,1
1992-04-13,AAPL,1
1992-04-13,F,1
1992-04-14,AAPL,1
1992-04-14,F,1
1992-04-15,AAPL,1
1992-04-15,F,1
1992-04-16,AAPL,1
1992-04-16,F,1
1992-04-20,AAPL,1
1992-04-20,F,1
1992-04-21,AAPL,1
1992-04-21,F,1
1992-04-22,AAPL,1
1992-04-22,F,1
1992-04-23,AAPL,1
1992-04-23,F,1
1992-04-24,AAPL,1
1992-04-24,F,1
1992-04-27,AAPL,1
1992-04-27,F,1
1992-04-28,AAPL,1
1992-04-28,F,1
1992-04-29,AAPL,1
1992-04-29,F,1
1992-04-30,AAPL,1
1992-04-30,F,1
1992-05-01,AAPL,1
1992-05-01,F,1
1992-05-04,AAPL,1
1992-05-04,F,1
1992-05-05,AAPL,1
1992-05-05,F,1
1992-05-06,AAPL,1
1992-05-06,F,1
1992-05-07,AAPL,1
1992-05-07,F,1
1992-05-08,AAPL,1
1992-05-08,F,1
1992-05-11,AAPL,1
1992-05-11,F,1
1992-05-12,AAPL,1
1992-05-12,F,1
1992-05-13,AAPL,1
1992-05-13,F,1
1992-05-14,AAPL,1
1992-05-14,F,1
1992-05-15,AAPL,1
1992-05-15,F,1
1992-05-18,AAPL,1
1992-05-18,F,1
1992-05-19,AAPL,1
1992-05-19,F,1
1992-05-20,AAPL,1
1992-05-20,F,1
1992-05-21,AAPL,1
1992-05-21,F,1
1992-05-22,AAPL,1
1992-05-22,F,1
1992-05-26,AAPL,1
1992-05-26,F,1
1992-05-27,AAPL,1
1992-05-27,F,1
1992-05-28,AAPL,1
1992-05-28,F,1
1992-05-29,AAPL,1
1992-05-29,F,1
1992-06-01,AAPL,1
1992-06-01,F,1
1992-06-02,AAPL,1
1992-06-02,F,1
1992-06-03,AAPL,1
1992-06-03,F,1
1992-06-04,AAPL,1
1992-06-04,F,1
1992-06-05,AAPL,1
1992-06-05,F,1
1992-06-08,AAPL,1
1992-06-08,F,1
1992-06-09,AAPL,1
1992-06-09,F,1
1992-06-10,AAPL,1
1992-06-10,F,1
1992-06-11,AAPL,1
1992-06-11,F,1
1992-06-12,AAPL,1
1992-06-12,F,1
1992-06-15,AAPL,1
1992-06-15,F,1
1992-06-16,AAPL,1
1992-06-16,F,1
1992-06-17,AAPL,1
1992-06-17,F,1
1992-06-18,AAPL,1
1992-06-18,F,1
1992-06-19,AAPL,1
1992-06-19,F,1
1992-06-22,AAPL,1
1992-06-22,F,1
1992-06-23,AAPL,1
1992-06-23,F,1
1992-06-24,AAPL,1
1992-06-24,F,1
1992-06-25,AAPL,-121
1992-06-25,F,1
1992-06-26,F,1
1992-06-29,F,1
1992-06-30,F,1
1992-07-01,F,1
1992-07-02,F,1
1992-07-06,F,1
1992-07-07,F,1
1992-07-08,F,1
1992-07-09,F,1
1992-07-10,F,1
1992-07-13,F,1
1992-07-14,F,1
1992-07-15,F,1
1992-07-16,F,1
1992-07-17,F,1
1992-07-20,F,1
1992-07-21,F,1
1992-07-22,F,1
1992-07-23,F,1
1992-07-24,F,1
1992-07-27,F,1
1992-07-28,F,1
1992-07-29,F,1
1992-07-30,F,1
1992-07-31,F,1
1992-08-03,F,1
1992-08-04,F,1
1992-08-05,F,1
1992-08-06,F,1
1992-08-07,F,1
1992-08-10,F,1
1992-08-11,F,1
1992-08-12,F,1
1992-08-13,F,1
1992-08-14,F,1
1992-08-17,F,1
1992-08-18,F,1
1992-08-19,F,1
1992-08-20,F,1
1992-08-21,F,1
1992-08-24,F,1
1992-08-25,F,1
1992-08-26,F,1
1992-08-27,F,1
1992-08-28,F,1
1992-08-31,F,1
1992-09-01,F,1
1992-09-02,F,1
1992-09-03,F,1
1992-09-04,F,1
1992-09-08,F,1
1992-09-09,F,1
1992-09-10,F,1
1992-09-11,F,1
1992-09-14,F,1
1992-09-15,F,1
1992-09-16,F,1
1992-09-17,F,1
1992-09-18,F,1
1992-09-21,F,1
1992-09-22,F,1
1992-09-23,F,1
1992-09-24,F,1
1992-09-25,F,1
1992-09-28,F,1
1992-09-29,F,1
1992-09-30,F,1
1992-10-01,F,1
1992-10-02,F,1
1992-10-05,F,1
1992-10-06,F,1
1992-10-07,F,1
1992-10-08,F,1
1992-10-09,F,1
1992-10-12,F,1
1992-10-13,F,1
1992-10-14,F,-162
1992-12-15,AAPL,1
1992-12-16,AAPL,1
1992-12-17,AAPL,1
1992-12-18,AAPL,1
1992-12-21,AAPL,1
1992-12-22,AAPL,1
1992-12-23,AAPL,1
1992-12-24,AAPL,1
1992-12-28,AAPL,1
1992-12-29,AAPL,1
1992-12-30,AAPL,1
1992-12-31,AAPL,1
1993-01-04,AAPL,1
1993-01-05,AAPL,1
1993-01-06,AAPL,1
1993-01-07,AAPL,1
1993-01-08,AAPL,1
1993-01-11,AAPL,1
1993-01-12,AAPL,1
1993-01-13,AAPL,1
1993-01-14,AAPL,1
1993-01-15,AAPL,1
1993-01-18,AAPL,1
1993-01-19,AAPL,1
1993-01-20,AAPL,1
1993-01-21,AAPL,1
1993-01-22,AAPL,1
1993-01-22,F,1
1993-01-25,AAPL,1
1993-01-25,F,1
1993-01-26,AAPL,1
1993-01-26,F,1
1993-01-27,AAPL,1
1993-01-27,F,1
1993-01-28,AAPL,1
1993-01-28,F,1
1993-01-29,AAPL,1
1993-01-29,F,1
1993-02-01,AAPL,1
1993-02-01,F,1
1993-02-02,AAPL,1
1993-02-02,F,1
1993-02-03,AAPL,1
1993-02-03,F,1
1993-02-04,AAPL,1
1993-02-04,F,1
1993-02-05,AAPL,1
1993-02-05,F,1
1993-02-08,AAPL,1
1993-02-08,F,1
1993-02-09,AAPL,1
1993-02-09,F,1
1993-02-10,AAPL,1
1993-02-10,F,1
1993-02-11,AAPL,1
1993-02-11,F,1
1993-02-12,AAPL,1
1993-02-12,F,1
1993-02-16,AAPL,1
1993-02-16,F,1
1993-02-17,AAPL,1
1993-02-17,F,1
1993-02-18,AAPL,1
1993-02-18,F,1
1993-02-19,AAPL,1
1993-02-19,F,1
1993-02-22,AAPL,1
1993-02-22,F,1
1993-02-23,AAPL,1
1993-02-23,F,1
1993-02-24,AAPL,1
1993-02-24,F,1
1993-02-25,AAPL,1
1993-02-25,F,1
1993-02-26,AAPL,1
1993-02-26,F,1
1993-03-01,AAPL,1
1993-03-01,F,1
1993-03-02,AAPL,1
1993-03-02,F,1
1993-03-03,AAPL,1
1993-03-03,F,1
1993-03-04,AAPL,1
1993-03-04,F,1
1993-03-05,AAPL,1
1993-03-05,F,1
1993-03-08,AAPL,1
1993-03-08,F,1
1993-03-09,AAPL,1
1993-03-09,F,1
1993-03-10,AAPL,1
1993-03-10,F,1
1993-03-11,AAPL,1
1993-03-11,F,1
1993-03-12,AAPL,1
1993-03-12,F,1
1993-03-15,AAPL,1
1993-03-15,F,1
1993-03-16,AAPL,1
1993-03-16,F,1
1993-03-17,AAPL,1
1993-03-17,F,1
1993-03-18,AAPL,1
1993-03-18,F,1
1993-03-19,AAPL,1
1993-03-19,F,1
1993-03-22,AAPL,1
1993-03-22,F,1
1993-03-23,AAPL,1
1993-03-23,F,1
1993-03-24,AAPL,1
1993-03-24,F,1
1993-03-25,AAPL,1
1993-03-25,F,1
1993-03-26,AAPL,1
1993-03-26,F,1
1993-03-29,AAPL,1
1993-03-29,F,1
1993-03-30,AAPL,1
1993-03-30,F,1
1993-03-31,AAPL,1
1993-03-31,F,1
1993-04-01,AAPL,1
1993-04-01,F,1
1993-04-02,AAPL,1
1993-04-02,F,1
1993-04-05,AAPL,1
1993-04-05,F,1
1993-04-06,AAPL,1
1993-04-06,F,1
1993-04-07,AAPL,1
1993-04-07,F,1
1993-04-08,AAPL,1
1993-04-08,F,1
1993-04-12,AAPL,1
1993-04-12,F,1
1993-04-13,AAPL,1
1993-04-13,F,1
1993-04-14,AAPL,1
1993-04-14,F,1
1993-04-15,AAPL,1
1993-04-15,F,1
1993-04-16,AAPL,1
1993-04-16,F,1
1993-04-19,AAPL,1
1993-04-19,F,1
1993-04-20,AAPL,1
1993-04-20,F,1
1993-04-21,AAPL,1
1993-04-21,F,1
1993-04-22,AAPL,1
1993-04-22,F,1
1993-04-23,AAPL,1
1993-04-23,F,1
1993-04-26,AAPL,1
1993-04-26,F,1
1993-04-27,AAPL,1
1993-04-27,F,1
1993-04-28,AAPL,1
1993-04-28,F,1
1993-04-29,AAPL,1
1993-04-29,F,1
1993-04-30,AAPL,1
1993-04-30,F,1
1993-05-03,AAPL,1
1993-05-03,F,1
1993-05-04,AAPL,1
1993-05-04,F,1
1993-05-05,AAPL,1
1993-05-05,F,1
1993-05-06,AAPL,1
1993-05-06,F,1
1993-05-07,AAPL,1
1993-05-07,F,1
1993-05-10,AAPL,-100
1993-05-10,F,1
1993-05-11,F,1
1993-05-12,F,1
1993-05-13,F,1
1993-05-14,F,1
1993-05-17,F,1
1993-05-18,F,1
1993-05-19,F,1
1993-05-20,F,1
1993-05-21,F,1
1993-05-24,F,1
1993-05-25,F,1
1993-05-26,F,1
1993-05-27,F,1
1993-05-28,F,1
1993-06-01,F,1
1993-06-02,F,1
1993-06-03,F,1
1993-06-04,F,1
1993-06-07,F,1
1993-06-08,F,1
1993-06-09,F,1
1993-06-10,F,1
1993-06-11,F,1
1993-06-14,F,1
1993-06-15,F,1
1993-06-16,F,1
1993-06-17,F,1
1993-06-18,F,1
1993-06-21,F,1
1993-06-22,F,1
1993-06-23,F,1
1993-06-24,F,1
1993-06-25,F,1
1993-06-28,F,1
1993-06-29,F,1
1993-06-30,F,1
1993-07-01,F,1
1993-07-02,F,1
1993-07-06,F,1
1993-07-07,F,1
1993-07-08,F,1
1993-07-09,F,1
1993-07-12,F,1
1993-07-13,F,1
1993-07-14,F,1
1993-07-15,F,1
1993-07-16,F,1
1993-07-19,F,1
1993-07-20,F,1
1993-07-21,F,1
1993-07-22,F,1
1993-07-23,F,1
1993-07-26,F,1
1993-07-27,F,1
1993-07-28,F,1
1993-07-29,F,1
1993-07-30,F,1
1993-08-02,F,1
1993-08-03,F,1
1993-08-04,F,1
1993-08-05,F,1
1993-08-06,F,1
1993-08-09,F,1
1993-08-10,F,1
1993-08-11,F,1
1993-08-12,F,1
1993-08-13,F,1
1993-08-16,F,1
1993-08-17,F,1
1993-08-18,F,1
1993-08-19,F,1
1993-08-20,F,1
1993-08-23,F,1
1993-08-24,F,1
1993-08-25,F,1
1993-08-26,F,1
1993-08-27,F,1
1993-08-30,F,1
1993-08-31,F,1
1993-09-01,F,1
1993-09-02,F,1
1993-09-03,F,1
1993-09-07,F,1
1993-09-08,F,1
1993-09-09,F,1
1993-09-10,F,1
1993-09-13,F,1
1993-09-14,F,1
1993-09-15,F,1
1993-09-16,F,1
1993-09-17,F,1
1993-09-20,F,1
1993-09-21,F,1
1993-09-22,F,1
1993-09-23,F,1
1993-09-24,F,1
1993-09-27,F,1
1993-09-28,F,1
1993-09-29,F,1
1993-09-30,F,1
1993-10-01,F,1
1993-10-04,F,1
1993-10-05,F,1
1993-10-06,F,1
1993-10-07,F,1
1993-10-08,F,1
1993-10-11,F,1
1993-10-12,F,1
1993-10-13,F,1
1993-10-14,F,1
1993-10-15,F,1
1993-10-18,F,1
1993-10-19,F,1
1993-10-20,F,1
1993-10-21,F,1
1993-10-22,F,1
1993-10-25,F,1
1993-10-26,F,1
1993-10-27,F,1
1993-10-28,F,1
1993-10-29,F,1
1993-11-01,F,1
1993-11-02,F,1
1993-11-03,F,1
1993-11-04,F,1
1993-11-05,F,1
1993-11-08,F,1
1993-11-09,F,1
1993-11-10,F,1
1993-11-11,F,1
1993-11-12,F,1
1993-11-15,F,1
1993-11-16,F,1
1993-11-17,F,1
1993-11-18,F,1
1993-11-19,F,1
1993-11-22,F,1
1993-11-23,F,1
1993-11-24,F,1
1993-11-26,F,1
1993-11-29,F,1
1993-11-30,F,1
1993-12-01,F,1
1993-12-02,F,1
1993-12-03,F,1
1993-12-06,F,1
1993-12-07,F,1
1993-12-08,F,1
1993-12-09,F,1
1993-12-10,F,1
1993-12-13,F,1
1993-12-14,F,1
1993-12-15,F,1
1993-12-16,F,1
1993-12-17,F,1
1993-12-20,F,1
1993-12-21,F,1
1993-12-22,F,1
1993-12-23,F,1
1993-12-27,F,1
1993-12-28,F,1
1993-12-29,F,1
1993-12-30,F,1
1993-12-31,F,1
1994-01-03,F,1
1994-01-04,F,1
1994-01-05,F,1
1994-01-06,F,1
1994-01-07,F,1
1994-01-10,F,1
1994-01-11,F,1
1994-01-12,F,1
1994-01-13,F,1
1994-01-14,F,1
1994-01-17,F,1
1994-01-18,F,1
1994-01-19,F,1
1994-01-20,F,1
1994-01-21,F,1
1994-01-24,F,1
1994-01-25,F,1
1994-01-26,F,1
1994-01-27,F,1
1994-01-28,F,1
1994-01-31,F,1
1994-02-01,F,1
1994-02-02,F,1
1994-02-03,F,1
1994-02-04,F,1
1994-02-07,F,1
1994-02-08,F,1
1994-02-09,F,1
1994-02-10,F,1
1994-02-11,F,1
1994-02-14,F,1
1994-02-15,F,1
1994-02-16,F,1
1994-02-17,F,1
1994-02-18,F,1
1994-02-22,F,1
1994-02-23,F,1
1994-02-24,F,1
1994-02-25,F,1
1994-02-28,F,1
1994-03-01,F,1
1994-03-02,AAPL,1
1994-03-02,F,1
1994-03-03,AAPL,1
1994-03-03,F,1
1994-03-04,AAPL,1
1994-03-04,F,1
1994-03-07,AAPL,1
1994-03-07,F,1
1994-03-08,AAPL,1
1994-03-08,F,1
1994-03-09,AAPL,1
1994-03-09,F,1
1994-03-10,AAPL,1
1994-03-10,F,1
1994-03-11,AAPL,1
1994-03-11,F,1
1994-03-14,AAPL,1
1994-03-14,F,1
1994-03-15,AAPL,1
1994-03-15,F,1
1994-03-16,AAPL,1
1994-03-16,F,1
1994-03-17,AAPL,1
1994-03-17,F,1
1994-03-18,AAPL,1
1994-03-18,F,1
1994-03-21,AAPL,1
1994-03-21,F,1
1994-03-22,AAPL,1
1994-03-22,F,1
1994-03-23,AAPL,1
1994-03-23,F,1
1994-03-24,AAPL,1
1994-03-24,F,1
1994-03-25,AAPL,1
1994-03-25,F,1
1994-03-28,AAPL,1
1994-03-28,F,1
1994-03-29,AAPL,1
1994-03-29,F,1
1994-03-30,AAPL,1
1994-03-30,F,1
1994-03-31,AAPL,1
1994-03-31,F,1
1994-04-04,AAPL,1
1994-04-04,F,1
1994-04-05,AAPL,1
1994-04-05,F,1
1994-04-06,AAPL,1
1994-04-06,F,1
1994-04-07,AAPL,1
1994-04-07,F,1
1994-04-08,AAPL,1
1994-04-08,F,1
1994-04-11,AAPL,1
1994-04-11,F,1
1994-04-12,AAPL,1
1994-04-12,F,1
1994-04-13,AAPL,1
1994-04-13,F,1
1994-04-14,AAPL,1
1994-04-14,F,1
1994-04-15,AAPL,1
1994-04-15,F,1
1994-04-18,AAPL,1
1994-04-18,F,1
1994-04-19,AAPL,1
1994-04-19,F,1
1994-04-20,AAPL,1
1994-04-20,F,1
1994-04-21,AAPL,1
1994-04-21,F,1
1994-04-22,AAPL,1
1994-04-22,F,1
1994-04-25,AAPL,1
1994-04-25,F,1
1994-04-26,AAPL,1
1994-04-26,F,1
1994-04-28,AAPL,1
1994-04-28,F,1
1994-04-29,AAPL,1
1994-04-29,F,1
1994-05-02,AAPL,1
1994-05-02,F,1
1994-05-03,AAPL,1
1994-05-03,F,1
1994-05-04,AAPL,1
1994-05-04,F,1
1994-05-05,AAPL,1
1994-05-05,F,1
1994-05-06,AAPL,1
1994-05-06,F,1
1994-05-09,AAPL,1
1994-05-09,F,1
1994-05-10,AAPL,1
1994-05-10,F,1
1994-05-11,AAPL,1
1994-05-11,F,1
1994-05-12,AAPL,1
1994-05-12,F,1
1994-05-13,AAPL,1
1994-05-13,F,1
1994-05-16,AAPL,1
1994-05-16,F,-331
1994-05-17,AAPL,1
1994-05-18,AAPL,1
1994-05-19,AAPL,1
1994-05-20,AAPL,1
1994-05-23,AAPL,1
1994-05-24,AAPL,1
1994-05-25,AAPL,1
1994-05-26,AAPL,1
1994-05-27,AAPL,1
1994-05-31,AAPL,1
1994-06-01,AAPL,1
1994-06-02,AAPL,1
1994-06-03,AAPL,1
1994-06-06,AAPL,1
1994-06-07,AAPL,1
1994-06-08,AAPL,1
1994-06-09,AAPL,-68
1994-09-09,AAPL,1
1994-09-12,AAPL,1
1994-09-13,AAPL,1
1994-09-14,AAPL,1
1994-09-15,AAPL,1
1994-09-16,AAPL,1
1994-09-19,AAPL,1
1994-09-20,AAPL,1
1994-09-21,AAPL,1
1994-09-22,AAPL,1
1994-09-23,AAPL,1
1994-09-26,AAPL,1
1994-09-27,AAPL,1
1994-09-28,AAPL,1
1994-09-29,AAPL,1
1994-09-30,AAPL,1
1994-10-03,AAPL,1
1994-10-04,AAPL,1
1994-10-05,AAPL,1
1994-10-06,AAPL,1
1994-10-07,AAPL,1
1994-10-10,AAPL,1
1994-10-11,AAPL,1
1994-10-12,AAPL,1
1994-10-13,AAPL,1
1994-10-14,AAPL,1
1994-10-17,AAPL,1
1994-10-18,AAPL,1
1994-10-19,AAPL,1
1994-10-20,AAPL,1
1994-10-21,AAPL,1
1994-10-24,AAPL,1
1994-10-25,AAPL,1
1994-10-26,AAPL,1
1994-10-27,AAPL,1
1994-10-28,AAPL,1
1994-10-31,AAPL,1
1994-11-01,AAPL,1
1994-11-02,AAPL,1
1994-11-03,AAPL,1
1994-11-04,AAPL,1
1994-11-07,AAPL,1
1994-11-08,AAPL,1
1994-11-09,AAPL,1
1994-11-10,AAPL,1
1994-11-11,AAPL,1
1994-11-14,AAPL,1
1994-11-15,AAPL,1
1994-11-16,AAPL,1
1994-11-17,AAPL,1
1994-11-18,AAPL,1
1994-11-21,AAPL,1
1994-11-22,AAPL,1
1994-11-23,AAPL,1
1994-11-25,AAPL,1
1994-11-28,AAPL,1
1994-11-29,AAPL,1
1994-11-30,AAPL,1
1994-12-01,AAPL,1
1994-12-02,AAPL,1
1994-12-05,AAPL,1
1994-12-06,AAPL,1
1994-12-07,AAPL,1
1994-12-08,AAPL,1
1994-12-09,AAPL,1
1994-12-12,AAPL,1
1994-12-13,AAPL,1
1994-12-14,AAPL,1
1994-12-15,AAPL,1
1994-12-16,AAPL,1
1994-12-19,AAPL,1
1994-12-20,AAPL,1
1994-12-21,AAPL,1
1994-12-22,AAPL,1
1994-12-23,AAPL,1
1994-12-27,AAPL,1
1994-12-28,AAPL,1
1994-12-29,AAPL,1
1994-12-30,AAPL,1
1995-01-03,AAPL,1
1995-01-04,AAPL,1
1995-01-05,AAPL,1
1995-01-06,AAPL,1
1995-01-09,AAPL,1
1995-01-10,AAPL,1
1995-01-11,AAPL,1
1995-01-12,AAPL,1
1995-01-13,AAPL,1
1995-01-16,AAPL,1
1995-01-17,AAPL,1
1995-01-18,AAPL,1
1995-01-19,AAPL,1
1995-01-20,AAPL,1
1995-01-23,AAPL,1
1995-01-24,AAPL,1
1995-01-25,AAPL,1
1995-01-26,AAPL,1
1995-01-27,AAPL,1
1995-01-30,AAPL,1
1995-01-31,AAPL,1
1995-02-01,AAPL,1
1995-02-02,AAPL,1
1995-02-03,AAPL,1
1995-02-06,AAPL,1
1995-02-07,AAPL,1
1995-02-08,AAPL,1
1995-02-09,AAPL,1
1995-02-10,AAPL,1
1995-02-13,AAPL,1
1995-02-14,AAPL,1
1995-02-15,AAPL,1
1995-02-16,AAPL,1
1995-02-17,AAPL,1
1995-02-21,AAPL,1
1995-02-22,AAPL,1
1995-02-23,AAPL,1
1995-02-24,AAPL,1
1995-02-27,AAPL,1
1995-02-28,AAPL,1
1995-03-01,AAPL,1
1995-03-02,AAPL,1
1995-03-03,AAPL,1
1995-03-06,AAPL,1
1995-03-07,AAPL,1
1995-03-08,AAPL,1
1995-03-09,AAPL,1
1995-03-10,AAPL,1
1995-03-13,AAPL,1
1995-03-14,AAPL,1
1995-03-15,AAPL,1
1995-03-16,AAPL,1
1995-03-17,AAPL,1
1995-03-20,AAPL,1
1995-03-21,AAPL,1
1995-03-22,AAPL,1
1995-03-23,AAPL,1
1995-03-24,AAPL,1
1995-03-27,AAPL,1
1995-03-28,AAPL,1
1995-03-29,AAPL,1
1995-03-30,AAPL,1
1995-03-31,AAPL,1
1995-04-03,AAPL,1
1995-04-04,AAPL,1
1995-04-05,AAPL,1
1995-04-06,AAPL,1
1995-04-07,AAPL,1
1995-04-10,AAPL,1
1995-04-11,AAPL,1
1995-04-12,AAPL,1
1995-04-13,AAPL,1
1995-04-17,AAPL,1
1995-04-18,AAPL,1
1995-04-19,AAPL,1
1995-04-20,AAPL,1
1995-04-21,AAPL,1
1995-04-24,AAPL,1
1995-04-25,AAPL,1
1995-04-26,AAPL,1
1995-04-27,AAPL,1
1995-04-28,AAPL,1
1995-05-01,AAPL,-161
1995-05-31,AAPL,1
1995-06-01,AAPL,1
1995-06-02,AAPL,1
1995-06-05,AAPL,1
1995-06-06,AAPL,1
1995-06-06,F,1
1995-06-07,AAPL,1
1995-06-07,F,1
1995-06-08,AAPL,1
1995-06-08,F,1
1995-06-09,AAPL,1
1995-06-09,F,1
1995-06-12,AAPL,1
1995-06-12,F,1
1995-06-13,AAPL,1
1995-06-13,F,1
1995-06-14,AAPL,1
1995-06-14,F,1
1995-06-15,AAPL,1
1995-06-15,F,1
1995-06-16,AAPL,1
1995-06-16,F,1
1995-06-19,AAPL,1
1995-06-19,F,1
1995-06-20,AAPL,1
1995-06-20,F,1
1995-06-21,AAPL,1
1995-06-21,F,1
1995-06-22,AAPL,1
1995-06-22,F,1
1995-06-23,AAPL,1
1995-06-23,F,1
1995-06-26,AAPL,1
1995-06-26,F,1
1995-06-27,AAPL,1
1995-06-27,F,1
1995-06-28,AAPL,1
1995-06-28,F,1
1995-06-29,AAPL,1
1995-06-29,F,1
1995-06-30,AAPL,1
1995-06-30,F,1
1995-07-03,AAPL,1
1995-07-03,F,1
1995-07-05,AAPL,1
1995-07-05,F,1
1995-07-06,AAPL,1
1995-07-06,F,1
1995-07-07,AAPL,1
1995-07-07,F,1
1995-07-10,AAPL,1
1995-07-10,F,1
1995-07-11,AAPL,1
1995-07-11,F,1
1995-07-12,AAPL,1
1995-07-12,F,1
1995-07-13,AAPL,1
1995-07-13,F,1
1995-07-14,AAPL,1
1995-07-14,F,1
1995-07-17,AAPL,1
1995-07-17,F,1
1995-07-18,AAPL,1
1995-07-18,F,1
1995-07-19,AAPL,1
1995-07-19,F,1
1995-07-20,AAPL,1
1995-07-20,F,1
1995-07-21,AAPL,1
1995-07-21,F,1
1995-07-24,AAPL,1
1995-07-24,F,1
1995-07-25,AAPL,1
1995-07-25,F,1
1995-07-26,AAPL,1
1995-07-26,F,1
1995-07-27,AAPL,1
1995-07-27,F,1
1995-07-28,AAPL,1
1995-07-28,F,1
1995-07-31,AAPL,1
1995-07-31,F,1
1995-08-01,AAPL,1
1995-08-01,F,1
1995-08-02,AAPL,1
1995-08-02,F,1
1995-08-03,AAPL,1
1995-08-03,F,1
1995-08-04,AAPL,1
1995-08-04,F,1
1995-08-07,AAPL,1
1995-08-07,F,1
1995-08-08,AAPL,1
1995-08-08,F,1
1995-08-09,AAPL,1
1995-08-09,F,1
1995-08-10,AAPL,1
1995-08-10,F,1
1995-08-11,AAPL,1
1995-08-11,F,1
1995-08-14,AAPL,1
1995-08-14,F,1
1995-08-15,AAPL,1
1995-08-15,F,1
1995-08-16,AAPL,1
1995-08-16,F,1
1995-08-17,AAPL,1
1995-08-17,F,1
1995-08-18,AAPL,1
1995-08-18,F,1
1995-08-21,AAPL,1
1995-08-21,F,1
1995-08-22,AAPL,1
1995-08-22,F,1
1995-08-23,AAPL,1
1995-08-23,F,1
1995-08-24,AAPL,1
1995-08-24,F,1
1995-08-25,AAPL,1
1995-08-25,F,1
1995-08-28,AAPL,1
1995-08-28,F,1
1995-08-29,AAPL,1
1995-08-29,F,1
1995-08-30,AAPL,1
1995-08-30,F,1
1995-08-31,AAPL,1
1995-08-31,F,1
1995-09-01,AAPL,1
1995-09-01,F,1
1995-09-05,AAPL,1
1995-09-05,F,1
1995-09-06,AAPL,1
1995-09-06,F,1
1995-09-07,AAPL,1
1995-09-07,F,1
1995-09-08,AAPL,1
1995-09-08,F,1
1995-09-11,AAPL,1
1995-09-11,F,1
1995-09-12,AAPL,1
1995-09-12,F,1
1995-09-13,AAPL,1
1995-09-13,F,1
1995-09-14,AAPL,1
1995-09-14,F,1
1995-09-15,AAPL,1
1995-09-15,F,1
1995-09-18,AAPL,1
1995-09-18,F,1
1995-09-19,AAPL,1
1995-09-19,F,1
1995-09-20,AAPL,1
1995-09-20,F,1
1995-09-21,AAPL,1
1995-09-21,F,1
1995-09-22,AAPL,1
1995-09-22,F,1
1995-09-25,AAPL,1
1995-09-25,F,1
1995-09-26,AAPL,1
1995-09-26,F,1
1995-09-27,AAPL,1
1995-09-27,F,1
1995-09-28,AAPL,1
1995-09-28,F,1
1995-09-29,AAPL,1
1995-09-29,F,1
1995-10-02,AAPL,1
1995-10-02,F,1
1995-10-03,AAPL,1
1995-10-03,F,1
1995-10-04,AAPL,1
1995-10-04,F,1
1995-10-05,AAPL,1
1995-10-05,F,1
1995-10-06,AAPL,1
1995-10-06,F,1
1995-10-09,AAPL,1
1995-10-09,F,1
1995-10-10,AAPL,-92
1995-10-10,F,1
1995-10-11,F,1
1995-10-12,F,1
1995-10-13,F,1
1995-10-16,F,1
1995-10-17,F,1
1995-10-18,F,1
1995-10-19,F,1
1995-10-20,F,1
1995-10-23,F,1
1995-10-24,F,1
1995-10-25,F,1
1995-10-26,F,1
1995-10-27,F,1
1995-10-30,F,1
1995-10-31,F,1
1995-11-01,F,1
1995-11-02,F,1
1995-11-03,F,1
1995-11-06,F,1
1995-11-07,F,1
1995-11-08,F,1
1995-11-09,F,1
1995-11-10,F,1
1995-11-13,F,1
1995-11-14,F,1
1995-11-15,F,1
1995-11-16,F,1
1995-11-17,F,1
1995-11-20,F,1
1995-11-21,F,1
1995-11-22,F,1
1995-11-24,F,1
1995-11-27,F,1
1995-11-28,F,1
1995-11-29,F,1
1995-11-30,F,1
1995-12-01,F,1
1995-12-04,F,1
1995-12-05,F,1
1995-12-06,F,1
1995-12-07,F,1
1995-12-08,F,1
1995-12-11,F,1
1995-12-12,F,1
1995-12-13,F,1
1995-12-14,F,1
1995-12-15,F,1
1995-12-18,F,1
1995-12-19,F,1
1995-12-20,F,1
1995-12-21,F,1
1995-12-22,F,1
1995-12-26,F,-141
1996-03-11,F,1
1996-03-12,F,1
1996-03-13,F,1
1996-03-14,F,1
1996-03-15,F,1
1996-03-18,F,1
1996-03-19,F,1
1996-03-20,F,1
1996-03-21,F,1
1996-03-22,F,1
1996-03-25,F,1
1996-03-26,F,1
1996-03-27,F,1
1996-03-28,F,1
1996-03-29,F,1
1996-04-01,F,1
1996-04-02,F,1
1996-04-03,F,1
1996-04-04,F,1
1996-04-08,F,1
1996-04-09,F,1
1996-04-10,F,1
1996-04-11,F,1
1996-04-12,F,1
1996-04-15,F,1
1996-04-16,F,1
1996-04-17,F,1
1996-04-18,F,1
1996-04-19,F,1
1996-04-22,F,1
1996-04-23,F,1
1996-04-24,F,1
1996-04-25,F,1
1996-04-26,F,1
1996-04-29,F,1
1996-04-30,F,1
1996-05-01,F,1
1996-05-02,F,1
1996-05-03,F,1
1996-05-06,F,1
1996-05-07,F,1
1996-05-08,F,1
1996-05-09,F,1
1996-05-10,F,1
1996-05-13,F,1
1996-05-14,F,1
1996-05-15,F,1
1996-05-16,F,1
1996-05-17,F,1
1996-05-20,F,1
1996-05-21,F,1
1996-05-22,F,1
1996-05-23,F,1
1996-05-24,F,1
1996-05-28,F,1
1996-05-29,F,1
1996-05-30,F,1
1996-05-31,F,1
1996-06-03,F,1
1996-06-04,F,1
1996-06-05,F,1
1996-06-06,F,1
1996-06-07,F,1
1996-06-10,F,1
1996-06-11,F,1
1996-06-12,F,1
1996-06-13,F,1
1996-06-14,F,1
1996-06-17,F,1
1996-06-18,F,1
1996-06-19,F,1
1996-06-20,F,1
1996-06-21,F,1
1996-06-24,F,1
1996-06-25,F,1
1996-06-26,F,1
1996-06-27,F,1
1996-06-28,F,1
1996-07-01,F,1
1996-07-02,F,1
1996-07-03,F,1
1996-07-05,F,1
1996-07-08,F,1
1996-07-09,F,1
1996-07-10,F,1
1996-07-11,F,1
1996-07-12,F,1
1996-07-15,F,1
1996-07-16,F,1
1996-07-17,F,1
1996-07-18,F,1
1996-07-19,F,1
1996-07-22,F,1
1996-07-23,F,1
1996-07-24,F,1
1996-07-25,F,1
1996-07-26,F,1
1996-07-29,F,1
1996-07-30,F,1
1996-07-31,F,1
1996-08-01,F,1
1996-08-02,F,1
1996-08-05,F,1
1996-08-06,F,1
1996-08-07,F,1
1996-08-08,F,1
1996-08-09,F,1
1996-08-12,F,1
1996-08-13,F,1
1996-08-14,F,1
1996-08-15,F,1
1996-08-16,F,1
1996-08-19,F,1
1996-08-20,F,1
1996-08-21,F,1
1996-08-22,F,1
1996-08-23,F,1
1996-08-26,F,1
1996-08-27,F,1
1996-08-28,F,1
1996-08-29,F,1
1996-08-30,F,1
1996-09-03,F,1
1996-09-04,F,1
1996-09-05,F,1
1996-09-06,F,1
1996-09-09,F,1
1996-09-10,F,1
1996-09-11,F,1
1996-09-12,F,1
1996-09-13,F,1
1996-09-16,F,1
1996-09-17,F,1
1996-09-18,F,1
1996-09-19,F,1
1996-09-20,F,1
1996-09-23,F,1
1996-09-24,F,1
1996-09-25,F,1
1996-09-26,F,1
1996-09-27,F,1
1996-09-30,F,1
1996-10-01,F,-142
1996-11-25,AAPL,1
1996-11-26,AAPL,1
1996-11-27,AAPL,1
1996-11-29,AAPL,1
1996-12-02,AAPL,1
1996-12-03,AAPL,1
1996-12-04,AAPL,1
1996-12-05,AAPL,1
1996-12-06,AAPL,1
1996-12-09,AAPL,1
1996-12-10,AAPL,1
1996-12-11,AAPL,1
1996-12-12,AAPL,1
1996-12-13,AAPL,1
1996-12-16,AAPL,1
1996-12-17,AAPL,1
1996-12-18,AAPL,1
1996-12-19,AAPL,1
1996-12-20,AAPL,1
1996-12-23,AAPL,1
1996-12-24,AAPL,1
1996-12-26,AAPL,1
1996-12-27,AAPL,1
1996-12-30,AAPL,1
1996-12-31,AAPL,1
1997-01-02,AAPL,1
1997-01-03,AAPL,1
1997-01-06,AAPL,1
1997-01-07,AAPL,1
1997-01-08,AAPL,1
1997-01-09,AAPL,1
1997-01-10,AAPL,1
1997-01-13,AAPL,-32
1997-03-04,F,1
1997-03-05,F,1
1997-03-06,F,1
1997-03-07,F,1
1997-03-10,F,1
1997-03-11,F,1
1997-03-12,F,1
1997-03-13,F,1
1997-03-14,F,1
1997-03-17,F,1
1997-03-18,F,1
1997-03-19,F,1
1997-03-20,F,1
1997-03-21,F,1
1997-03-24,F,1
1997-03-25,F,1
1997-03-26,F,1
1997-03-27,F,1
1997-03-31,F,1
1997-04-01,F,1
1997-04-02,F,1
1997-04-03,F,1
1997-04-04,F,1
1997-04-07,F,-23
1997-04-18,F,1
1997-04-21,F,1
1997-04-22,F,1
1997-04-23,F,1
1997-04-24,F,1
1997-04-25,F,1
1997-04-28,F,1
1997-04-29,F,1
1997-04-30,F,1
1997-05-01,F,1
1997-05-02,F,1
1997-05-05,F,1
1997-05-06,F,1
1997-05-07,F,1
1997-05-08,F,1
1997-05-09,F,1
1997-05-12,F,1
1997-05-13,F,1
1997-05-14,F,1
1997-05-15,F,1
1997-05-16,F,1
1997-05-19,F,1
1997-05-20,F,1
1997-05-21,F,1
1997-05-22,F,1
1997-05-23,F,1
1997-05-27,F,1
1997-05-28,F,1
1997-05-29,F,1
1997-05-30,F,1
1997-06-02,F,1
1997-06-03,F,1
1997-06-04,F,1
1997-06-05,F,1
1997-06-06,F,1
1997-06-09,F,1
1997-06-10,F,1
1997-06-11,F,1
1997-06-12,F,1
1997-06-13,F,1
1997-06-16,F,1
1997-06-17,F,1
1997-06-18,F,1
1997-06-19,F,1
1997-06-20,F,1
1997-06-23,F,1
1997-06-24,F,1
1997-06-25,F,1
1997-06-26,F,1
1997-06-27,F,1
1997-06-30,F,1
1997-07-01,F,1
1997-07-02,F,1
1997-07-03,F,1
1997-07-07,F,1
1997-07-08,F,1
1997-07-09,F,1
1997-07-10,F,1
1997-07-11,F,1
1997-07-14,F,1
1997-07-15,F,1
1997-07-16,F,1
1997-07-17,F,1
1997-07-18,F,1
1997-07-21,F,1
1997-07-22,F,1
1997-07-23,F,1
1997-07-24,F,1
1997-07-25,F,1
1997-07-28,F,1
1997-07-29,F,1
1997-07-30,F,1
1997-07-31,F,1
1997-08-01,F,1
1997-08-04,F,1
1997-08-05,F,1
1997-08-06,F,1
1997-08-07,F,1
1997-08-08,F,1
1997-08-11,F,1
1997-08-12,F,1
1997-08-13,F,1
1997-08-14,F,1
1997-08-15,F,1
1997-08-18,F,1
1997-08-19,F,1
1997-08-20,F,1
1997-08-21,F,1
1997-08-22,F,1
1997-08-25,F,1
1997-08-26,F,1
1997-08-27,F,1
1997-08-28,F,1
1997-08-29,F,1
1997-09-02,AAPL,1
1997-09-02,F,1
1997-09-03,AAPL,1
1997-09-03,F,1
1997-09-04,AAPL,1
1997-09-04,F,1
1997-09-05,AAPL,1
1997-09-05,F,1
1997-09-08,AAPL,1
1997-09-08,F,1
1997-09-09,AAPL,1
1997-09-09,F,1
1997-09-10,AAPL,1
1997-09-10,F,1
1997-09-11,AAPL,1
1997-09-11,F,1
1997-09-12,AAPL,1
1997-09-12,F,1
1997-09-15,AAPL,1
1997-09-15,F,1
1997-09-16,AAPL,1
1997-09-16,F,1
1997-09-17,AAPL,1
1997-09-17,F,1
1997-09-18,AAPL,1
1997-09-18,F,1
1997-09-19,AAPL,1
1997-09-19,F,1
1997-09-22,AAPL,1
1997-09-22,F,1
1997-09-23,AAPL,1
1997-09-23,F,1
1997-09-24,AAPL,1
1997-09-24,F,1
1997-09-25,AAPL,1
1997-09-25,F,1
1997-09-26,AAPL,1
1997-09-26,F,1
1997-09-29,AAPL,1
1997-09-29,F,1
1997-09-30,AAPL,1
1997-09-30,F,1
1997-10-01,AAPL,1
1997-10-01,F,1
1997-10-02,AAPL,1
1997-10-02,F,1
1997-10-03,AAPL,1
1997-10-03,F,1
1997-10-06,AAPL,1
1997-10-06,F,1
1997-10-07,AAPL,1
1997-10-07,F,1
1997-10-08,AAPL,1
1997-10-08,F,1
1997-10-09,AAPL,1
1997-10-09,F,1
1997-10-10,AAPL,1
1997-10-10,F,1
1997-10-13,AAPL,1
1997-10-13,F,1
1997-10-14,AAPL,1
1997-10-14,F,1
1997-10-15,AAPL,1
1997-10-15,F,1
1997-10-16,AAPL,1
1997-10-16,F,1
1997-10-17,AAPL,1
1997-10-17,F,1
1997-10-20,AAPL,1
1997-10-20,F,1
1997-10-21,AAPL,1
1997-10-21,F,1
1997-10-22,AAPL,1
1997-10-22,F,1
1997-10-23,AAPL,1
1997-10-23,F,1
1997-10-24,AAPL,1
1997-10-24,F,1
1997-10-27,AAPL,1
1997-10-27,F,1
1997-10-28,AAPL,1
1997-10-28,F,1
1997-10-29,AAPL,1
1997-10-29,F,1
1997-10-30,AAPL,1
1997-10-30,F,1
1997-10-31,AAPL,1
1997-10-31,F,1
1997-11-03,AAPL,1
1997-11-03,F,1
1997-11-04,AAPL,1
1997-11-04,F,1
1997-11-05,AAPL,1
1997-11-05,F,1
1997-11-06,AAPL,1
1997-11-06,F,1
1997-11-07,AAPL,1
1997-11-07,F,1
1997-11-10,AAPL,1
1997-11-10,F,1
1997-11-11,AAPL,1
1997-11-11,F,1
1997-11-12,AAPL,1
1997-11-12,F,1
1997-11-13,AAPL,1
1997-11-13,F,1
1997-11-14,AAPL,1
1997-11-14,F,1
1997-11-17,AAPL,1
1997-11-17,F,1
1997-11-18,AAPL,1
1997-11-18,F,1
1997-11-19,AAPL,1
1997-11-19,F,1
1997-11-20,AAPL,1
1997-11-20,F,1
1997-11-21,AAPL,1
1997-11-21,F,1
1997-11-24,AAPL,1
1997-11-24,F,1
1997-11-25,AAPL,1
1997-11-25,F,1
1997-11-26,AAPL,1
1997-11-26,F,1
1997-11-28,AAPL,1
1997-11-28,F,1
1997-12-01,AAPL,1
1997-12-01,F,1
1997-12-02,AAPL,1
1997-12-02,F,1
1997-12-03,AAPL,1
1997-12-03,F,1
1997-12-04,AAPL,1
1997-12-04,F,1
1997-12-05,AAPL,1
1997-12-05,F,1
1997-12-08,AAPL,1
1997-12-08,F,1
1997-12-09,AAPL,1
1997-12-09,F,1
1997-12-10,AAPL,1
1997-12-10,F,1
1997-12-11,AAPL,1
1997-12-11,F,1
1997-12-12,AAPL,1
1997-12-12,F,1
1997-12-15,AAPL,-73
1997-12-15,F,1
1997-12-16,F,1
1997-12-17,F,1
1997-12-18,F,1
1997-12-19,F,1
1997-12-22,F,1
1997-12-23,F,1
1997-12-24,F,1
1997-12-26,F,1
1997-12-29,F,1
1997-12-30,F,1
1997-12-31,F,1
1998-01-02,F,1
1998-01-05,F,1
1998-01-06,F,1
1998-01-07,F,1
1998-01-08,F,1
1998-01-09,F,1
1998-01-12,F,1
1998-01-13,F,1
1998-01-14,F,1
1998-01-15,F,1
1998-01-16,F,1
1998-01-20,F,1
1998-01-21,F,1
1998-01-22,F,1
1998-01-23,F,1
1998-01-26,F,1
1998-01-27,F,1
1998-01-28,F,1
1998-01-29,F,1
1998-01-30,F,1
1998-02-02,F,1
1998-02-03,F,1
1998-02-04,F,1
1998-02-05,F,1
1998-02-06,F,1
1998-02-09,F,1
1998-02-10,F,1
1998-02-11,F,1
1998-02-12,F,1
1998-02-13,F,1
1998-02-17,F,1
1998-02-18,F,1
1998-02-19,F,1
1998-02-20,F,1
1998-02-23,F,1
1998-02-24,F,1
1998-02-25,F,1
1998-02-26,F,1
1998-02-27,F,1
1998-03-02,F,1
1998-03-03,F,1
1998-03-04,F,1
1998-03-05,F,1
1998-03-06,AAPL,1
1998-03-06,F,1
1998-03-09,AAPL,1
1998-03-09,F,1
1998-03-10,AAPL,1
1998-03-10,F,1
1998-03-11,AAPL,1
1998-03-11,F,1
1998-03-12,AAPL,1
1998-03-12,F,1
1998-03-13,AAPL,1
1998-03-13,F,1
1998-03-16,AAPL,1
1998-03-16,F,1
1998-03-17,AAPL,1
1998-03-17,F,1
1998-03-18,AAPL,1
1998-03-18,F,1
1998-03-19,AAPL,1
1998-03-19,F,1
1998-03-20,AAPL,1
1998-03-20,F,1
1998-03-23,AAPL,1
1998-03-23,F,1
1998-03-24,AAPL,1
1998-03-24,F,1
1998-03-25,AAPL,1
1998-03-25,F,1
1998-03-26,AAPL,1
1998-03-26,F,1
1998-03-27,AAPL,1
1998-03-27,F,1
1998-03-30,AAPL,1
1998-03-30,F,1
1998-03-31,AAPL,1
1998-03-31,F,1
1998-04-01,AAPL,1
1998-04-01,F,1
1998-04-02,AAPL,1
1998-04-02,F,1
1998-04-03,AAPL,1
1998-04-03,F,1
1998-04-06,AAPL,1
1998-04-06,F,1
1998-04-07,AAPL,1
1998-04-07,F,1
1998-04-08,AAPL,1
1998-04-08,F,1
1998-04-09,AAPL,1
1998-04-09,F,1
1998-04-13,AAPL,1
1998-04-13,F,1
1998-04-14,AAPL,1
1998-04-14,F,1
1998-04-15,AAPL,1
1998-04-15,F,1
1998-04-16,AAPL,1
1998-04-16,F,1
1998-04-17,AAPL,1
1998-04-17,F,1
1998-04-20,AAPL,1
1998-04-20,F,1
1998-04-21,AAPL,1
1998-04-21,F,1
1998-04-22,AAPL,1
1998-04-22,F,1
1998-04-23,AAPL,1
1998-04-23,F,1
1998-04-24,AAPL,1
1998-04-24,F,1
1998-04-27,AAPL,1
1998-04-27,F,1
1998-04-28,AAPL,1
1998-04-28,F,1
1998-04-29,AAPL,1
1998-04-29,F,1
1998-04-30,AAPL,1
1998-04-30,F,1
1998-05-01,AAPL,1
1998-05-01,F,1
1998-05-04,AAPL,1
1998-05-04,F,1
1998-05-05,AAPL,1
1998-05-05,F,1
1998-05-06,AAPL,1
1998-05-06,F,1
1998-05-07,AAPL,1
1998-05-07,F,1
1998-05-08,AAPL,1
1998-05-08,F,1
1998-05-11,AAPL,1
1998-05-11,F,1
1998-05-12,AAPL,1
1998-05-12,F,1
1998-05-13,AAPL,1
1998-05-13,F,1
1998-05-14,AAPL,1
1998-05-14,F,1
1998-05-15,AAPL,1
1998-05-15,F,1
1998-05-18,AAPL,1
1998-05-18,F,1
1998-05-19,AAPL,1
1998-05-19,F,1
1998-05-20,AAPL,1
1998-05-20,F,1
1998-05-21,AAPL,1
1998-05-21,F,1
1998-05-22,AAPL,1
1998-05-22,F,1
1998-05-26,AAPL,1
1998-05-26,F,1
1998-05-27,AAPL,1
1998-05-27,F,1
1998-05-28,AAPL,1
1998-05-28,F,1
1998-05-29,AAPL,1
1998-05-29,F,1
1998-06-01,AAPL,1
1998-06-01,F,1
1998-06-02,AAPL,1
1998-06-02,F,1
1998-06-03,AAPL,1
1998-06-03,F,1
1998-06-04,AAPL,1
1998-06-04,F,1
1998-06-05,AAPL,1
1998-06-05,F,1
1998-06-08,AAPL,1
1998-06-08,F,1
1998-06-09,AAPL,1
1998-06-09,F,1
1998-06-10,AAPL,1
1998-06-10,F,1
1998-06-11,AAPL,1
1998-06-11,F,1
1998-06-12,AAPL,1
1998-06-12,F,1
1998-06-15,AAPL,1
1998-06-15,F,1
1998-06-16,AAPL,1
1998-06-16,F,1
1998-06-17,AAPL,1
1998-06-17,F,1
1998-06-18,AAPL,1
1998-06-18,F,-294
1998-06-19,AAPL,1
1998-06-22,AAPL,1
1998-06-23,AAPL,1
1998-06-24,AAPL,1
1998-06-24,F,1
1998-06-25,AAPL,1
1998-06-25,F,1
1998-06-26,AAPL,1
1998-06-26,F,1
1998-06-29,AAPL,1
1998-06-29,F,1
1998-06-30,AAPL,1
1998-06-30,F,1
1998-07-01,AAPL,1
1998-07-01,F,1
1998-07-02,AAPL,1
1998-07-02,F,1
1998-07-06,AAPL,1
1998-07-06,F,1
1998-07-07,AAPL,1
1998-07-07,F,1
1998-07-08,AAPL,1
1998-07-08,F,1
1998-07-09,AAPL,1
1998-07-09,F,1
1998-07-10,AAPL,1
1998-07-10,F,1
1998-07-13,AAPL,1
1998-07-13,F,1
1998-07-14,AAPL,1
1998-07-14,F,1
1998-07-15,AAPL,1
1998-07-15,F,1
1998-07-16,AAPL,1
1998-07-16,F,1
1998-07-17,AAPL,1
1998-07-17,F,1
1998-07-20,AAPL,1
1998-07-20,F,1
1998-07-21,AAPL,1
1998-07-21,F,1
1998-07-22,AAPL,1
1998-07-22,F,1
1998-07-23,AAPL,1
1998-07-23,F,1
1998-07-24,AAPL,1
1998-07-24,F,1
1998-07-27,AAPL,1
1998-07-27,F,1
1998-07-28,AAPL,1
1998-07-28,F,1
1998-07-29,AAPL,1
1998-07-29,F,1
1998-07-30,AAPL,1
1998-07-30,F,1
1998-07-31,AAPL,1
1998-07-31,F,1
1998-08-03,AAPL,1
1998-08-03,F,1
1998-08-04,AAPL,1
1998-08-04,F,1
1998-08-05,AAPL,1
1998-08-05,F,1
1998-08-06,AAPL,1
1998-08-06,F,1
1998-08-07,AAPL,1
1998-08-07,F,1
1998-08-10,AAPL,1
1998-08-10,F,1
1998-08-11,AAPL,1
1998-08-11,F,1
1998-08-12,AAPL,1
1998-08-12,F,1
1998-08-13,AAPL,1
1998-08-13,F,1
1998-08-14,AAPL,1
1998-08-14,F,1
1998-08-17,AAPL,1
1998-08-17,F,1
1998-08-18,AAPL,1
1998-08-18,F,1
1998-08-19,AAPL,1
1998-08-19,F,1
1998-08-20,AAPL,1
1998-08-20,F,1
1998-08-21,AAPL,1
1998-08-21,F,1
1998-08-24,AAPL,1
1998-08-24,F,1
1998-08-25,AAPL,1
1998-08-25,F,1
1998-08-26,AAPL,1
1998-08-26,F,1
1998-08-27,AAPL,1
1998-08-27,F,1
1998-08-28,AAPL,1
1998-08-28,F,1
1998-08-31,AAPL,1
1998-08-31,F,1
1998-09-01,AAPL,1
1998-09-01,F,1
1998-09-02,AAPL,1
1998-09-02,F,1
1998-09-03,AAPL,1
1998-09-03,F,1
1998-09-04,AAPL,1
1998-09-04,F,1
1998-09-08,AAPL,1
1998-09-08,F,1
1998-09-09,AAPL,1
1998-09-09,F,1
1998-09-10,AAPL,1
1998-09-10,F,1
1998-09-11,AAPL,1
1998-09-11,F,1
1998-09-14,AAPL,1
1998-09-14,F,1
1998-09-15,AAPL,1
1998-09-15,F,1
1998-09-16,AAPL,1
1998-09-16,F,1
1998-09-17,AAPL,1
1998-09-17,F,-59
1998-09-18,AAPL,1
1998-09-21,AAPL,1
1998-09-22,AAPL,1
1998-09-23,AAPL,1
1998-09-24,AAPL,1
1998-09-25,AAPL,1
1998-09-28,AAPL,1
1998-09-29,AAPL,1
1998-09-30,AAPL,1
1998-10-01,AAPL,1
1998-10-02,AAPL,1
1998-10-05,AAPL,1
1998-10-06,AAPL,1
1998-10-07,AAPL,1
1998-10-08,AAPL,1
1998-10-09,AAPL,1
1998-10-12,AAPL,1
1998-10-13,AAPL,1
1998-10-14,AAPL,1
1998-10-15,AAPL,1
1998-10-16,AAPL,1
1998-10-19,AAPL,1
1998-10-20,AAPL,1
1998-10-21,AAPL,1
1998-10-22,AAPL,1
1998-10-23,AAPL,1
1998-10-26,AAPL,1
1998-10-27,AAPL,1
1998-10-28,AAPL,1
1998-10-29,AAPL,1
1998-10-30,AAPL,1
1998-11-02,AAPL,1
1998-11-03,AAPL,1
1998-11-04,AAPL,1
1998-11-05,AAPL,1
1998-11-06,AAPL,1
1998-11-09,AAPL,1
1998-11-10,AAPL,1
1998-11-11,AAPL,1
1998-11-12,AAPL,1
1998-11-13,AAPL,1
1998-11-16,AAPL,1
1998-11-17,AAPL,1
1998-11-18,AAPL,1
1998-11-19,AAPL,1
1998-11-20,AAPL,1
1998-11-23,AAPL,1
1998-11-24,AAPL,1
1998-11-25,AAPL,1
1998-11-27,AAPL,1
1998-11-30,AAPL,1
1998-12-01,AAPL,1
1998-12-02,AAPL,1
1998-12-03,AAPL,1
1998-12-04,AAPL,1
1998-12-07,AAPL,1
1998-12-08,AAPL,1
1998-12-09,AAPL,1
1998-12-10,AAPL,1
1998-12-11,AAPL,1
1998-12-14,AAPL,1
1998-12-15,AAPL,1
1998-12-16,AAPL,1
1998-12-17,AAPL,1
1998-12-18,AAPL,1
1998-12-18,F,1
1998-12-21,AAPL,1
1998-12-21,F,1
1998-12-22,AAPL,1
1998-12-22,F,1
1998-12-23,AAPL,1
1998-12-23,F,1
1998-12-24,AAPL,1
1998-12-24,F,1
1998-12-28,AAPL,1
1998-12-28,F,1
1998-12-29,AAPL,1
1998-12-29,F,1
1998-12-30,AAPL,1
1998-12-30,F,1
1998-12-31,AAPL,1
1998-12-31,F,1
1999-01-04,AAPL,1
1999-01-04,F,1
1999-01-05,AAPL,1
1999-01-05,F,1
1999-01-06,AAPL,1
1999-01-06,F,1
1999-01-07,AAPL,1
1999-01-07,F,1
1999-01-08,AAPL,1
1999-01-08,F,1
1999-01-11,AAPL,1
1999-01-11,F,1
1999-01-12,AAPL,1
1999-01-12,F,1
1999-01-13,AAPL,1
1999-01-13,F,1
1999-01-14,AAPL,1
1999-01-14,F,1
1999-01-15,AAPL,1
1999-01-15,F,1
1999-01-19,AAPL,1
1999-01-19,F,1
1999-01-20,AAPL,1
1999-01-20,F,1
1999-01-21,AAPL,1
1999-01-21,F,1
1999-01-22,AAPL,1
1999-01-22,F,1
1999-01-25,AAPL,1
1999-01-25,F,1
1999-01-26,AAPL,1
1999-01-26,F,1
1999-01-27,AAPL,1
1999-01-27,F,1
1999-01-28,AAPL,1
1999-01-28,F,1
1999-01-29,AAPL,1
1999-01-29,F,1
1999-02-01,AAPL,1
1999-02-01,F,1
1999-02-02,AAPL,1
1999-02-02,F,1
1999-02-03,AAPL,1
1999-02-03,F,1
1999-02-04,AAPL,1
1999-02-04,F,1
1999-02-05,AAPL,1
1999-02-05,F,1
1999-02-08,AAPL,1
1999-02-08,F,1
1999-02-09,AAPL,1
1999-02-09,F,1
1999-02-10,AAPL,1
1999-02-10,F,1
1999-02-11,AAPL,1
1999-02-11,F,1
1999-02-12,AAPL,1
1999-02-12,F,1
1999-02-16,AAPL,1
1999-02-16,F,1
1999-02-17,AAPL,1
1999-02-17,F,1
1999-02-18,AAPL,1
1999-02-18,F,1
1999-02-19,AAPL,1
1999-02-19,F,1
1999-02-22,AAPL,1
1999-02-22,F,1
1999-02-23,AAPL,1
1999-02-23,F,1
1999-02-24,AAPL,1
1999-02-24,F,1
1999-02-25,AAPL,1
1999-02-25,F,1
1999-02-26,AAPL,1
1999-02-26,F,1
1999-03-01,AAPL,1
1999-03-01,F,1
1999-03-02,AAPL,1
1999-03-02,F,1
1999-03-03,AAPL,1
1999-03-03,F,1
1999-03-04,AAPL,1
1999-03-04,F,1
1999-03-05,AAPL,1
1999-03-05,F,1
1999-03-08,AAPL,1
1999-03-08,F,1
1999-03-09,AAPL,1
1999-03-09,F,1
1999-03-10,AAPL,1
1999-03-10,F,1
1999-03-11,AAPL,1
1999-03-11,F,1
1999-03-12,AAPL,1
1999-03-12,F,1
1999-03-15,AAPL,1
1999-03-15,F,1
1999-03-16,AAPL,1
1999-03-16,F,1
1999-03-17,AAPL,1
1999-03-17,F,1
1999-03-18,AAPL,1
1999-03-18,F,1
1999-03-19,AAPL,1
1999-03-19,F,1
1999-03-22,AAPL,1
1999-03-22,F,1
1999-03-23,AAPL,1
1999-03-23,F,1
1999-03-24,AAPL,1
1999-03-24,F,1
1999-03-25,AAPL,1
1999-03-25,F,1
1999-03-26,AAPL,1
1999-03-26,F,1
1999-03-29,AAPL,1
1999-03-29,F,1
1999-03-30,AAPL,1
1999-03-30,F,1
1999-03-31,AAPL,1
1999-03-31,F,1
1999-04-01,AAPL,1
1999-04-01,F,1
1999-04-05,AAPL,1
1999-04-05,F,1
1999-04-06,AAPL,1
1999-04-06,F,1
1999-04-07,AAPL,1
1999-04-07,F,1
1999-04-08,AAPL,-274
1999-04-08,F,1
1999-04-09,F,1
1999-04-12,F,1
1999-04-13,F,1
1999-04-14,F,1
1999-04-15,F,1
1999-04-16,F,1
1999-04-19,F,1
1999-04-20,F,1
1999-04-21,F,1
1999-04-22,F,1
1999-04-23,F,1
1999-04-26,F,1
1999-04-27,F,1
1999-04-28,F,1
1999-04-29,F,1
1999-04-30,F,1
1999-05-03,F,1
1999-05-04,F,1
1999-05-05,F,1
1999-05-06,F,1
1999-05-07,F,1
1999-05-10,F,1
1999-05-11,F,1
1999-05-12,AAPL,1
1999-05-12,F,1
1999-05-13,AAPL,1
1999-05-13,F,1
1999-05-14,AAPL,1
1999-05-14,F,1
1999-05-17,AAPL,1
1999-05-17,F,1
1999-05-18,AAPL,1
1999-05-18,F,1
1999-05-19,AAPL,1
1999-05-19,F,1
1999-05-20,AAPL,1
1999-05-20,F,1
1999-05-21,AAPL,1
1999-05-21,F,1
1999-05-24,AAPL,1
1999-05-24,F,1
1999-05-25,AAPL,1
1999-05-25,F,1
1999-05-26,AAPL,1
1999-05-26,F,1
1999-05-27,AAPL,1
1999-05-27,F,1
1999-05-28,AAPL,1
1999-05-28,F,1
1999-06-01,AAPL,1
1999-06-01,F,1
1999-06-02,AAPL,1
1999-06-02,F,1
1999-06-03,AAPL,1
1999-06-03,F,1
1999-06-04,AAPL,1
1999-06-04,F,1
1999-06-07,AAPL,1
1999-06-07,F,1
1999-06-08,AAPL,1
1999-06-08,F,1
1999-06-09,AAPL,1
1999-06-09,F,1
1999-06-10,AAPL,1
1999-06-10,F,1
1999-06-11,AAPL,1
1999-06-11,F,1
1999-06-14,AAPL,1
1999-06-14,F,1
1999-06-15,AAPL,1
1999-06-15,F,1
1999-06-16,AAPL,1
1999-06-16,F,1
1999-06-17,AAPL,1
1999-06-17,F,1
1999-06-18,AAPL,1
1999-06-18,F,1
1999-06-21,AAPL,1
1999-06-21,F,1
1999-06-22,AAPL,1
1999-06-22,F,1
1999-06-23,AAPL,1
1999-06-23,F,1
1999-06-24,AAPL,1
1999-06-24,F,1
1999-06-25,AAPL,1
1999-06-25,F,1
1999-06-28,AAPL,1
1999-06-28,F,1
1999-06-29,AAPL,1
1999-06-29,F,1
1999-06-30,AAPL,1
1999-06-30,F,1
1999-07-01,AAPL,1
1999-07-01,F,1
1999-07-02,AAPL,1
1999-07-02,F,1
1999-07-06,AAPL,1
1999-07-06,F,1
1999-07-07,AAPL,1
1999-07-07,F,1
1999-07-08,AAPL,1
1999-07-08,F,1
1999-07-09,AAPL,1
1999-07-09,F,1
1999-07-12,AAPL,1
1999-07-12,F,1
1999-07-13,AAPL,1
1999-07-13,F,1
1999-07-14,AAPL,1
1999-07-14,F,1
1999-07-15,AAPL,1
1999-07-15,F,1
1999-07-16,AAPL,1
1999-07-16,F,1
1999-07-19,AAPL,1
1999-07-19,F,-144
1999-07-20,AAPL,1
1999-07-21,AAPL,1
1999-07-22,AAPL,1
1999-07-23,AAPL,1
1999-07-26,AAPL,1
1999-07-27,AAPL,1
1999-07-28,AAPL,1
1999-07-29,AAPL,1
1999-07-30,AAPL,1
1999-08-02,AAPL,1
1999-08-03,AAPL,1
1999-08-04,AAPL,1
1999-08-05,AAPL,1
1999-08-06,AAPL,1
1999-08-09,AAPL,1
1999-08-10,AAPL,1
1999-08-11,AAPL,1
1999-08-12,AAPL,1
1999-08-13,AAPL,1
1999-08-16,AAPL,1
1999-08-17,AAPL,1
1999-08-18,AAPL,1
1999-08-19,AAPL,1
1999-08-20,AAPL,1
1999-08-23,AAPL,1
1999-08-24,AAPL,1
1999-08-25,AAPL,1
1999-08-26,AAPL,1
1999-08-27,AAPL,1
1999-08-30,AAPL,1
1999-08-31,AAPL,1
1999-09-01,AAPL,1
1999-09-02,AAPL,1
1999-09-03,AAPL,1
1999-09-07,AAPL,1
1999-09-08,AAPL,1
1999-09-09,AAPL,1
1999-09-10,AAPL,1
1999-09-13,AAPL,1
1999-09-14,AAPL,1
1999-09-15,AAPL,1
1999-09-16,AAPL,1
1999-09-17,AAPL,1
1999-09-20,AAPL,1
1999-09-21,AAPL,1
1999-09-22,AAPL,1
1999-09-23,AAPL,1
1999-09-24,AAPL,1
1999-09-27,AAPL,1
1999-09-28,AAPL,1
1999-09-29,AAPL,1
1999-09-30,AAPL,1
1999-10-01,AAPL,1
1999-10-04,AAPL,1
1999-10-05,AAPL,1
1999-10-06,AAPL,1
1999-10-07,AAPL,1
1999-10-08,AAPL,1
1999-10-11,AAPL,1
1999-10-12,AAPL,1
1999-10-13,AAPL,1
1999-10-14,AAPL,1
1999-10-15,AAPL,1
1999-10-18,AAPL,1
1999-10-19,AAPL,1
1999-10-20,AAPL,1
1999-10-21,AAPL,1
1999-10-22,AAPL,1
1999-10-25,AAPL,1
1999-10-26,AAPL,1
1999-10-27,AAPL,1
1999-10-28,AAPL,1
1999-10-29,AAPL,1
1999-11-01,AAPL,1
1999-11-02,AAPL,1
1999-11-03,AAPL,1
1999-11-04,AAPL,1
1999-11-05,AAPL,1
1999-11-08,AAPL,1
1999-11-09,AAPL,1
1999-11-10,AAPL,1
1999-11-11,AAPL,1
1999-11-12,AAPL,1
1999-11-15,AAPL,1
1999-11-16,AAPL,1
1999-11-17,AAPL,1
1999-11-18,AAPL,1
1999-11-19,AAPL,1
1999-11-22,AAPL,1
1999-11-23,AAPL,1
1999-11-24,AAPL,1
1999-11-26,AAPL,1
1999-11-29,AAPL,1
1999-11-30,AAPL,1
1999-12-01,AAPL,1
1999-12-02,AAPL,1
1999-12-03,AAPL,1
1999-12-06,AAPL,1
1999-12-07,AAPL,1
1999-12-08,AAPL,1
1999-12-09,AAPL,1
1999-12-10,AAPL,1
1999-12-13,AAPL,1
1999-12-14,AAPL,1
1999-12-15,AAPL,1
1999-12-16,AAPL,1
1999-12-17,AAPL,1
1999-12-20,AAPL,1
1999-12-21,AAPL,1
1999-12-22,AAPL,1
1999-12-23,AAPL,1
1999-12-27,AAPL,1
1999-12-28,AAPL,1
1999-12-29,AAPL,1
1999-12-30,AAPL,1
1999-12-31,AAPL,1
2000-01-03,AAPL,1
2000-01-04,AAPL,1
2000-01-05,AAPL,1
2000-01-06,AAPL,1
2000-01-07,AAPL,1
2000-01-10,AAPL,1
2000-01-11,AAPL,1
2000-01-12,AAPL,1
2000-01-13,AAPL,1
2000-01-14,AAPL,1
2000-01-18,AAPL,1
2000-01-19,AAPL,1
2000-01-20,AAPL,1
2000-01-21,AAPL,1
2000-01-24,AAPL,1
2000-01-25,AAPL,1
2000-01-26,AAPL,1
2000-01-27,AAPL,1
2000-01-28,AAPL,1
2000-01-31,AAPL,1
2000-02-01,AAPL,1
2000-02-02,AAPL,1
2000-02-03,AAPL,1
2000-02-04,AAPL,1
2000-02-07,AAPL,1
2000-02-08,AAPL,1
2000-02-09,AAPL,1
2000-02-10,AAPL,1
2000-02-11,AAPL,1
2000-02-14,AAPL,1
2000-02-15,AAPL,1
2000-02-16,AAPL,1
2000-02-17,AAPL,1
2000-02-18,AAPL,1
2000-02-22,AAPL,1
2000-02-23,AAPL,1
2000-02-24,AAPL,1
2000-02-25,AAPL,1
2000-02-28,AAPL,1
2000-02-29,AAPL,1
2000-03-01,AAPL,1
2000-03-02,AAPL,1
2000-03-03,AAPL,1
2000-03-06,AAPL,1
2000-03-07,AAPL,1
2000-03-08,AAPL,1
2000-03-09,AAPL,1
2000-03-10,AAPL,1
2000-03-13,AAPL,1
2000-03-14,AAPL,1
2000-03-15,AAPL,1
2000-03-16,AAPL,1
2000-03-17,AAPL,1
2000-03-20,AAPL,1
2000-03-21,AAPL,1
2000-03-22,AAPL,1
2000-03-23,AAPL,1
2000-03-24,AAPL,1
2000-03-27,AAPL,1
2000-03-28,AAPL,1
2000-03-29,AAPL,1
2000-03-30,AAPL,1
2000-03-31,AAPL,1
2000-04-03,AAPL,1
2000-04-04,AAPL,1
2000-04-05,AAPL,1
2000-04-06,AAPL,1
2000-04-07,AAPL,1
2000-04-10,AAPL,1
2000-04-11,AAPL,1
2000-04-12,AAPL,1
2000-04-13,AAPL,1
2000-04-14,AAPL,1
2000-04-17,AAPL,1
2000-04-18,AAPL,1
2000-04-19,AAPL,1
2000-04-20,AAPL,1
2000-04-24,AAPL,1
2000-04-25,AAPL,1
2000-04-26,AAPL,1
2000-04-27,AAPL,1
2000-04-28,AAPL,1
2000-05-01,AAPL,1
2000-05-02,AAPL,1
2000-05-03,AAPL,1
2000-05-04,AAPL,1
2000-05-05,AAPL,1
2000-05-08,AAPL,1
2000-05-09,AAPL,1
2000-05-10,AAPL,1
2000-05-11,AAPL,1
2000-05-12,AAPL,1
2000-05-15,AAPL,1
2000-05-16,AAPL,1
2000-05-17,AAPL,1
2000-05-18,AAPL,1
2000-05-19,AAPL,1
2000-05-22,AAPL,1
2000-05-23,AAPL,1
2000-05-23,F,1
2000-05-24,AAPL,1
2000-05-24,F,1
2000-05-25,AAPL,1
2000-05-25,F,1
2000-05-26,AAPL,1
2000-05-26,F,1
2000-05-30,AAPL,1
2000-05-30,F,1
2000-05-31,AAPL,1
2000-05-31,F,1
2000-06-01,AAPL,1
2000-06-01,F,1
2000-06-02,AAPL,1
2000-06-02,F,1
2000-06-05,AAPL,1
2000-06-05,F,1
2000-06-06,AAPL,1
2000-06-06,F,1
2000-06-07,AAPL,1
2000-06-07,F,1
2000-06-08,AAPL,1
2000-06-08,F,1
2000-06-09,AAPL,1
2000-06-09,F,1
2000-06-12,AAPL,1
2000-06-12,F,1
2000-06-13,AAPL,1
2000-06-13,F,1
2000-06-14,AAPL,1
2000-06-14,F,1
2000-06-15,AAPL,1
2000-06-15,F,1
2000-06-16,AAPL,1
2000-06-16,F,1
2000-06-19,AAPL,1
2000-06-19,F,1
2000-06-20,AAPL,1
2000-06-20,F,1
2000-06-21,AAPL,1
2000-06-21,F,1
2000-06-22,AAPL,1
2000-06-22,F,1
2000-06-23,AAPL,1
2000-06-23,F,1
2000-06-26,AAPL,1
2000-06-26,F,1
2000-06-27,AAPL,-285
2000-06-27,F,1
2000-06-28,F,1
2000-06-29,F,1
2000-06-30,F,1
2000-07-03,F,1
2000-07-05,F,1
2000-07-06,F,-30
2001-04-24,F,1
2001-04-25,F,1
2001-04-26,F,1
2001-04-27,F,1
2001-04-30,F,1
2001-05-01,F,1
2001-05-02,F,1
2001-05-03,F,1
2001-05-04,F,1
2001-05-07,F,1
2001-05-08,F,1
2001-05-09,F,1
2001-05-10,F,1
2001-05-11,F,1
2001-05-14,F,1
2001-05-15,F,1
2001-05-16,F,1
2001-05-17,F,1
2001-05-18,F,1
2001-05-21,F,1
2001-05-22,F,1
2001-05-23,F,1
2001-05-24,F,1
2001-05-25,F,1
2001-05-29,F,1
2001-05-30,F,1
2001-05-31,F,1
2001-06-01,F,1
2001-06-04,F,1
2001-06-05,F,1
2001-06-06,F,1
2001-06-07,F,1
2001-06-08,F,1
2001-06-11,F,1
2001-06-12,F,1
2001-06-13,F,1
2001-06-14,F,1
2001-06-15,F,1
2001-06-18,F,1
2001-06-19,F,1
2001-06-20,F,1
2001-06-21,F,1
2001-06-22,F,1
2001-06-25,F,1
2001-06-26,F,1
2001-06-27,AAPL,1
2001-06-27,F,1
2001-06-28,AAPL,1
2001-06-28,F,1
2001-06-29,AAPL,1
2001-06-29,F,1
2001-07-02,AAPL,1
2001-07-02,F,1
2001-07-03,AAPL,1
2001-07-03,F,-49
2001-07-05,AAPL,1
2001-07-06,AAPL,1
2001-07-09,AAPL,1
2001-07-10,AAPL,1
2001-07-11,AAPL,1
2001-07-12,AAPL,1
2001-07-13,AAPL,1
2001-07-16,AAPL,1
2001-07-17,AAPL,1
2001-07-18,AAPL,1
2001-07-19,AAPL,1
2001-07-20,AAPL,1
2001-07-23,AAPL,1
2001-07-24,AAPL,1
2001-07-25,AAPL,1
2001-07-26,AAPL,1
2001-07-27,AAPL,1
2001-07-30,AAPL,1
2001-07-31,AAPL,1
2001-08-01,AAPL,1
2001-08-02,AAPL,1
2001-08-03,AAPL,1
2001-08-06,AAPL,1
2001-08-07,AAPL,1
2001-08-08,AAPL,1
2001-08-09,AAPL,1
2001-08-10,AAPL,1
2001-08-13,AAPL,1
2001-08-14,AAPL,1
2001-08-15,AAPL,1
2001-08-16,AAPL,1
2001-08-17,AAPL,1
2001-08-20,AAPL,1
2001-08-21,AAPL,1
2001-08-22,AAPL,1
2001-08-23,AAPL,1
2001-08-24,AAPL,1
2001-08-27,AAPL,1
2001-08-28,AAPL,1
2001-08-29,AAPL,1
2001-08-30,AAPL,1
2001-08-31,AAPL,1
2001-09-04,AAPL,1
2001-09-05,AAPL,1
2001-09-06,AAPL,1
2001-09-07,AAPL,-50
2002-01-07,AAPL,1
2002-01-08,AAPL,1
2002-01-09,AAPL,1
2002-01-10,AAPL,1
2002-01-11,AAPL,1
2002-01-14,AAPL,1
2002-01-15,AAPL,1
2002-01-16,AAPL,1
2002-01-17,AAPL,1
2002-01-18,AAPL,1
2002-01-22,AAPL,1
2002-01-23,AAPL,1
2002-01-24,AAPL,1
2002-01-25,AAPL,1
2002-01-28,AAPL,1
2002-01-29,AAPL,1
2002-01-30,AAPL,1
2002-01-31,AAPL,1
2002-02-01,AAPL,1
2002-02-04,AAPL,1
2002-02-05,AAPL,1
2002-02-06,AAPL,1
2002-02-07,AAPL,1
2002-02-08,AAPL,1
2002-02-11,AAPL,1
2002-02-12,AAPL,1
2002-02-13,AAPL,1
2002-02-14,AAPL,1
2002-02-15,AAPL,1
2002-02-19,AAPL,1
2002-02-20,AAPL,1
2002-02-21,AAPL,1
2002-02-22,AAPL,1
2002-02-25,AAPL,1
2002-02-26,AAPL,1
2002-02-27,AAPL,1
2002-02-28,AAPL,1
2002-03-01,AAPL,1
2002-03-04,AAPL,1
2002-03-05,AAPL,1
2002-03-06,AAPL,1
2002-03-07,AAPL,1
2002-03-08,AAPL,1
2002-03-11,AAPL,1
2002-03-12,AAPL,1
2002-03-13,AAPL,1
2002-03-14,AAPL,1
2002-03-15,AAPL,1
2002-03-18,AAPL,1
2002-03-19,AAPL,1
2002-03-20,AAPL,1
2002-03-21,AAPL,1
2002-03-22,AAPL,1
2002-03-25,AAPL,1
2002-03-26,AAPL,1
2002-03-27,AAPL,1
2002-03-28,AAPL,1
2002-04-01,AAPL,1
2002-04-02,AAPL,1
2002-04-03,AAPL,1
2002-04-04,AAPL,1
2002-04-05,AAPL,1
2002-04-08,AAPL,1
2002-04-09,AAPL,1
2002-04-10,AAPL,1
2002-04-11,AAPL,1
2002-04-12,AAPL,1
2002-04-15,AAPL,1
2002-04-16,AAPL,1
2002-04-17,AAPL,1
2002-04-18,AAPL,1
2002-04-19,AAPL,1
2002-04-22,AAPL,1
2002-04-23,AAPL,1
2002-04-24,AAPL,1
2002-04-25,AAPL,1
2002-04-26,AAPL,1
2002-04-29,AAPL,1
2002-04-30,AAPL,1
2002-05-01,AAPL,1
2002-05-02,AAPL,1
2002-05-03,AAPL,1
2002-05-06,AAPL,1
2002-05-07,AAPL,1
2002-05-08,AAPL,1
2002-05-09,AAPL,1
2002-05-10,AAPL,1
2002-05-13,AAPL,1
2002-05-14,AAPL,1
2002-05-15,AAPL,1
2002-05-16,AAPL,1
2002-05-17,AAPL,1
2002-05-20,AAPL,1
2002-05-21,AAPL,1
2002-05-22,AAPL,1
2002-05-23,AAPL,1
2002-05-24,AAPL,1
2002-05-28,AAPL,1
2002-05-29,AAPL,1
2002-05-30,AAPL,1
2002-05-31,AAPL,1
2002-06-03,AAPL,1
2002-06-04,AAPL,1
2002-06-05,AAPL,1
2002-06-06,AAPL,1
2002-06-07,AAPL,1
2002-06-10,AAPL,1
2002-06-11,AAPL,1
2002-06-12,AAPL,1
2002-06-13,AAPL,1
2002-06-14,AAPL,1
2002-06-17,AAPL,1
2002-06-18,AAPL,1
2002-06-19,AAPL,1
2002-06-19,F,1
2002-06-20,AAPL,1
2002-06-20,F,1
2002-06-21,AAPL,1
2002-06-21,F,1
2002-06-24,AAPL,1
2002-06-24,F,1
2002-06-25,AAPL,1
2002-06-25,F,1
2002-06-26,AAPL,1
2002-06-26,F,1
2002-06-27,AAPL,1
2002-06-27,F,1
2002-06-28,AAPL,1
2002-06-28,F,1
2002-07-01,AAPL,1
2002-07-01,F,1
2002-07-02,AAPL,1
2002-07-02,F,1
2002-07-03,AAPL,1
2002-07-03,F,1
2002-07-05,AAPL,1
2002-07-05,F,1
2002-07-08,AAPL,1
2002-07-08,F,1
2002-07-09,AAPL,1
2002-07-09,F,1
2002-07-10,AAPL,-127
2002-07-10,F,1
2002-07-11,F,1
2002-07-12,F,1
2002-07-15,F,1
2002-07-16,F,1
2002-07-17,F,-19
2003-05-16,AAPL,1
2003-05-19,AAPL,1
2003-05-20,AAPL,1
2003-05-21,AAPL,1
2003-05-22,AAPL,1
2003-05-23,AAPL,1
2003-05-27,AAPL,1
2003-05-28,AAPL,1
2003-05-29,AAPL,1
2003-05-30,AAPL,1
2003-06-02,AAPL,1
2003-06-03,AAPL,1
2003-06-04,AAPL,1
2003-06-05,AAPL,1
2003-06-06,AAPL,1
2003-06-06,F,1
2003-06-09,AAPL,1
2003-06-09,F,1
2003-06-10,AAPL,1
2003-06-10,F,1
2003-06-11,AAPL,1
2003-06-11,F,1
2003-06-12,AAPL,1
2003-06-12,F,1
2003-06-13,AAPL,1
2003-06-13,F,1
2003-06-16,AAPL,1
2003-06-16,F,1
2003-06-17,AAPL,1
2003-06-17,F,1
2003-06-18,AAPL,1
2003-06-18,F,1
2003-06-19,AAPL,1
2003-06-19,F,1
2003-06-20,AAPL,1
2003-06-20,F,1
2003-06-23,AAPL,1
2003-06-23,F,1
2003-06-24,AAPL,1
2003-06-24,F,1
2003-06-25,AAPL,1
2003-06-25,F,1
2003-06-26,AAPL,1
2003-06-26,F,1
2003-06-27,AAPL,1
2003-06-27,F,1
2003-06-30,AAPL,1
2003-06-30,F,1
2003-07-01,AAPL,1
2003-07-01,F,1
2003-07-02,AAPL,1
2003-07-02,F,1
2003-07-03,AAPL,1
2003-07-03,F,1
2003-07-07,AAPL,1
2003-07-07,F,1
2003-07-08,AAPL,1
2003-07-08,F,1
2003-07-09,AAPL,1
2003-07-09,F,1
2003-07-10,AAPL,1
2003-07-10,F,1
2003-07-11,AAPL,1
2003-07-11,F,1
2003-07-14,AAPL,1
2003-07-14,F,1
2003-07-15,AAPL,1
2003-07-15,F,1
2003-07-16,AAPL,1
2003-07-16,F,1
2003-07-17,AAPL,1
2003-07-17,F,1
2003-07-18,AAPL,1
2003-07-18,F,1
2003-07-21,AAPL,1
2003-07-21,F,1
2003-07-22,AAPL,1
2003-07-22,F,1
2003-07-23,AAPL,1
2003-07-23,F,1
2003-07-24,AAPL,1
2003-07-24,F,1
2003-07-25,AAPL,1
2003-07-25,F,1
2003-07-28,AAPL,1
2003-07-28,F,1
2003-07-29,AAPL,1
2003-07-29,F,1
2003-07-30,AAPL,1
2003-07-30,F,1
2003-07-31,AAPL,1
2003-07-31,F,1
2003-08-01,AAPL,1
2003-08-01,F,1
2003-08-04,AAPL,1
2003-08-04,F,1
2003-08-05,AAPL,1
2003-08-05,F,1
2003-08-06,AAPL,1
2003-08-06,F,1
2003-08-07,AAPL,1
2003-08-07,F,1
2003-08-08,AAPL,1
2003-08-08,F,1
2003-08-11,AAPL,1
2003-08-11,F,1
2003-08-12,AAPL,1
2003-08-12,F,1
2003-08-13,AAPL,1
2003-08-13,F,1
2003-08-14,AAPL,1
2003-08-14,F,1
2003-08-15,AAPL,1
2003-08-15,F,1
2003-08-18,AAPL,1
2003-08-18,F,1
2003-08-19,AAPL,1
2003-08-19,F,1
2003-08-20,AAPL,1
2003-08-20,F,1
2003-08-21,AAPL,1
2003-08-21,F,1
2003-08-22,AAPL,1
2003-08-22,F,1
2003-08-25,AAPL,1
2003-08-25,F,1
2003-08-26,AAPL,1
2003-08-26,F,1
2003-08-27,AAPL,1
2003-08-27,F,1
2003-08-28,AAPL,1
2003-08-28,F,1
2003-08-29,AAPL,1
2003-08-29,F,1
2003-09-02,AAPL,1
2003-09-02,F,1
2003-09-03,AAPL,1
2003-09-03,F,1
2003-09-04,AAPL,1
2003-09-04,F,1
2003-09-05,AAPL,1
2003-09-05,F,1
2003-09-08,AAPL,1
2003-09-08,F,1
2003-09-09,AAPL,1
2003-09-09,F,1
2003-09-10,AAPL,1
2003-09-10,F,1
2003-09-11,AAPL,1
2003-09-11,F,1
2003-09-12,AAPL,1
2003-09-12,F,1
2003-09-15,AAPL,1
2003-09-15,F,1
2003-09-16,AAPL,1
2003-09-16,F,1
2003-09-17,AAPL,1
2003-09-17,F,1
2003-09-18,AAPL,1
2003-09-18,F,1
2003-09-19,AAPL,1
2003-09-19,F,1
2003-09-22,AAPL,1
2003-09-22,F,1
2003-09-23,AAPL,1
2003-09-23,F,1
2003-09-24,AAPL,1
2003-09-24,F,1
2003-09-25,AAPL,1
2003-09-25,F,1
2003-09-26,AAPL,1
2003-09-26,F,1
2003-09-29,AAPL,1
2003-09-29,F,1
2003-09-30,AAPL,1
2003-09-30,F,1
2003-10-01,AAPL,1
2003-10-01,F,1
2003-10-02,AAPL,1
2003-10-02,F,1
2003-10-03,AAPL,1
2003-10-03,F,1
2003-10-06,AAPL,1
2003-10-06,F,1
2003-10-07,AAPL,1
2003-10-07,F,1
2003-10-08,AAPL,1
2003-10-08,F,1
2003-10-09,AAPL,1
2003-10-09,F,1
2003-10-10,AAPL,1
2003-10-10,F,1
2003-10-13,AAPL,1
2003-10-13,F,1
2003-10-14,AAPL,1
2003-10-14,F,1
2003-10-15,AAPL,1
2003-10-15,F,1
2003-10-16,AAPL,1
2003-10-16,F,1
2003-10-17,AAPL,1
2003-10-17,F,1
2003-10-20,AAPL,1
2003-10-20,F,1
2003-10-21,AAPL,1
2003-10-21,F,1
2003-10-22,AAPL,1
2003-10-22,F,1
2003-10-23,AAPL,1
2003-10-23,F,1
2003-10-24,AAPL,1
2003-10-24,F,1
2003-10-27,AAPL,1
2003-10-27,F,1
2003-10-28,AAPL,1
2003-10-28,F,1
2003-10-29,AAPL,1
2003-10-29,F,1
2003-10-30,AAPL,1
2003-10-30,F,1
2003-10-31,AAPL,1
2003-10-31,F,1
2003-11-03,AAPL,1
2003-11-03,F,1
2003-11-04,AAPL,1
2003-11-04,F,1
2003-11-05,AAPL,1
2003-11-05,F,1
2003-11-06,AAPL,1
2003-11-06,F,1
2003-11-07,AAPL,1
2003-11-07,F,1
2003-11-10,AAPL,1
2003-11-10,F,1
2003-11-11,AAPL,1
2003-11-11,F,1
2003-11-12,AAPL,1
2003-11-12,F,1
2003-11-13,AAPL,1
2003-11-13,F,1
2003-11-14,AAPL,1
2003-11-14,F,1
2003-11-17,AAPL,1
2003-11-17,F,1
2003-11-18,AAPL,1
2003-11-18,F,1
2003-11-19,AAPL,1
2003-11-19,F,1
2003-11-20,AAPL,1
2003-11-20,F,1
2003-11-21,AAPL,1
2003-11-21,F,1
2003-11-24,AAPL,1
2003-11-24,F,1
2003-11-25,AAPL,1
2003-11-25,F,1
2003-11-26,AAPL,1
2003-11-26,F,1
2003-11-28,AAPL,1
2003-11-28,F,1
2003-12-01,AAPL,1
2003-12-01,F,1
2003-12-02,AAPL,1
2003-12-02,F,1
2003-12-03,AAPL,1
2003-12-03,F,1
2003-12-04,AAPL,1
2003-12-04,F,1
2003-12-05,AAPL,1
2003-12-05,F,1
2003-12-08,AAPL,1
2003-12-08,F,1
2003-12-09,AAPL,1
2003-12-09,F,1
2003-12-10,AAPL,1
2003-12-10,F,1
2003-12-11,AAPL,1
2003-12-11,F,1
2003-12-12,AAPL,1
2003-12-12,F,1
2003-12-15,AAPL,1
2003-12-15,F,1
2003-12-16,AAPL,1
2003-12-16,F,1
2003-12-17,AAPL,1
2003-12-17,F,1
2003-12-18,AAPL,1
2003-12-18,F,1
2003-12-19,AAPL,1
2003-12-19,F,1
2003-12-22,AAPL,1
2003-12-22,F,1
2003-12-23,AAPL,1
2003-12-23,F,1
2003-12-24,AAPL,1
2003-12-24,F,1
2003-12-26,AAPL,1
2003-12-26,F,1
2003-12-29,AAPL,1
2003-12-29,F,1
