gvkey,datadate,conm,ipodate,rdq,datacqtr,datafqtr,cusip,cik,tic,sic,addzip,exchg,fic,icaptq,atq,ltq,saleq,revtq,cogsq,xsgaq,oibdpq,oiadpq,ibq,txditcq,txdbq,itccy,oancfy,ivncfy,fincfy,sstky,prstkcy,dltisy,dltry,actq,lctq,invtq,dlcq,dlttq,mibq,mibtq,cheq,rectq,seqq,ceqq,niq,dpcy,dpq,wcapchy,capxy,sppey,xintq,ppentq,loq,xrdq,pstkrq,pstkq,cshoq,prccq,itccq,oancfq,ivncfq,fincfq,sstkq,prstkcq,dltisq,dltrq,dpcq,wcapchq,capxq,sppeq
001690,2010-03-31,APPLE INC,1980-12-12,2010-04-20,2010,2010.25,037833100,0000320193,AAPL,3663,95014,14,USA,39348,57057,17709,13499,13499,7658,1646,4195,3979,3074,3241,,,8111,-4041,685,534,0,0,0,32336,12229,638,0,0,0,0,23155,4629,39348,39348,3074,425,216,,650,0,0,3504,2239,426,0,0,909.636,235,,2330,-83,162,160,0,0,0,216,,274,0
001690,2010-06-30,APPLE INC,1980-12-12,2010-07-20,2010.25,2010.5,037833100,0000320193,AAPL,3663,95014,14,USA,43111,64725,21614,15700,15700,9291,1902,4507,4234,3253,3828,,,12912,-9471,1001,733,384,0,0,36033,15612,942,0,0,0,0,24288,6399,43111,43111,3253,698,273,,1245,0,0,3990,2174,464,0,0,913.482,251.53,,4801,-5430,316,199,384,0,0,273,,595,0
001690,2010-09-30,APPLE INC,1980-12-12,2010-10-18,2010.5,2010.75,037833100,0000320193,AAPL,3663,95014,14,USA,47791,75183,27392,20343,20343,12502,2065,5776,5447,4308,4300,,,18595,-13854,1257,912,406,0,0,41678,20722,1051,0,0,0,0,25620,9924,47791,47791,4308,1027,329,,2005,0,0,4768,2370,494,0,0,915.97,283.75,,5683,-4383,256,179,22,0,0,329,,760,0
001690,2010-12-31,APPLE INC,1980-12-12,2011-01-18,2010.75,2011,037833100,0000320193,AAPL,3663,95014,14,USA,54666,86742,32076,26741,26741,16087,2471,8183,7827,6004,5418,,,9773,-10729,429,208,233,0,0,43927,23795,885,0,0,0,0,26977,10874,54666,54666,6004,356,356,,1214,0,0,5868,2863,575,0,0,921.035,322.56,,9773,-10729,429,208,233,0,0,356,,1214,0
001690,2011-03-31,APPLE INC,1980-12-12,2011-04-20,2011,2011.25,037833100,0000320193,AAPL,3663,95014,14,USA,61477,94904,33427,24667,24667,14015,2344,8308,7874,5987,6150,,,15992,-12251,976,494,258,0,0,46997,24327,930,0,0,0,0,29234,11095,61477,61477,5987,790,434,,1838,0,0,6241,2950,581,0,0,924.674,348.5075,,6219,-1522,547,286,25,0,0,434,,624,0
001690,2011-06-30,APPLE INC,1980-12-12,2011-07-19,2011.25,2011.5,037833100,0000320193,AAPL,3663,95014,14,USA,69343,106758,37415,28571,28571,16168,2543,9860,9379,7308,7331,,,27100,-27283,1013,577,479,0,0,46898,26859,889,0,0,0,0,28395,11471,69343,69343,7308,1271,481,,2615,0,0,6749,3225,628,0,0,926.904,335.67,,11108,-15032,37,83,221,0,0,481,,777,0
001690,2011-09-30,APPLE INC,1980-12-12,2011-10-18,2011.5,2011.75,037833100,0000320193,AAPL,3663,95014,14,USA,76615,116371,39756,28270,28270,16347,2670,9253,8710,6623,8159,,,37529,-40419,1444,831,520,0,0,44988,27970,776,0,0,0,0,25952,11717,76615,76615,6623,1814,543,,4260,0,0,7777,3627,645,0,0,929.277,381.32,,10429,-13136,431,254,41,0,0,543,,1645,0
001690,2011-12-31,APPLE INC,1980-12-12,2012-01-24,2011.75,2012,037833100,0000320193,AAPL,3663,95014,14,USA,90054,138681,48627,46333,46333,24909,3363,18061,17340,13064,9725,,,17554,-17128,69,91,355,0,0,54771,34607,1236,0,0,0,0,30156,16484,90054,90054,13064,721,721,,1321,0,0,7816,4295,758,0,0,932.214,405,,17554,-17128,69,91,355,0,0,721,,1321,0
001690,2012-03-31,APPLE INC,1980-12-12,2012-04-24,2012,2012.25,037833100,0000320193,AAPL,3663,95014,14,USA,102498,150934,48436,39186,39186,19882,3180,16124,15384,11622,11704,,,31531,-31604,379,377,634,0,0,50712,32036,1102,0,0,0,0,28538,13769,102498,102498,11622,1461,740,,2778,0,0,8847,4696,841,0,0,934.982,599.55,,13977,-14476,310,286,279,0,0,740,,1457,0
001690,2012-06-30,APPLE INC,1980-12-12,2012-07-24,2012.25,2012.5,037833100,0000320193,AAPL,3663,95014,14,USA,111746,162896,51150,35023,35023,19194,3421,12408,11573,8824,13195,13195,,41720,-43914,324,433,1145,0,0,51943,33060,1122,0,0,0,0,27654,14298,111746,111746,8824,2296,835,,4834,0,0,10487,4895,876,0,0,937.266,584,,10189,-12310,-55,56,511,0,0,835,,2056,0
001690,2012-09-30,APPLE INC,1980-12-12,2012-10-25,2012.5,2012.75,037833100,0000320193,AAPL,3663,95014,14,USA,118210,176064,57854,35966,35966,20584,3457,11925,10944,8223,13847,13847,,50856,-48227,-1698,665,1226,0,0,57653,38542,791,0,0,0,0,29129,18692,118210,118210,8223,3277,981,,8295,0,0,15452,5465,906,0,0,939.208,667.105,,9136,-4313,-2022,232,81,0,0,981,,3461,0
001690,2012-12-31,APPLE INC,1980-12-12,2013-01-23,2012.75,2013,037833100,0000320193,AAPL,3663,95014,14,USA,127346,196088,68742,54512,54512,31864,3850,18798,17210,13078,15654,15654,,23426,-13521,-4497,76,2484,0,0,72348,46879,1455,0,0,0,0,39820,21534,127346,127346,13078,1588,1588,,2317,0,0,15422,6209,1010,0,0,938.973,532.1729,,23426,-13521,-4497,76,2484,0,0,1588,,2317,0
001690,2013-03-31,APPLE INC,1980-12-12,2013-04-23,2013,2013.25,037833100,0000320193,AAPL,3663,95014,14,USA,135490,194743,59253,43603,43603,25562,3791,14250,12558,9547,16481,16481,,35930,-27878,-6745,275,2538,0,0,63337,35508,1245,0,0,0,0,39137,13336,135490,135490,9547,3280,1692,,4325,0,0,15026,7264,1119,0,0,940.094,442.66,,12504,-14357,-2248,199,54,0,0,1692,,2008,0
001690,2013-06-30,APPLE INC,1980-12-12,2013-07-23,2013.25,2013.5,037833100,0000320193,AAPL,3663,95014,14,USA,140312,199856,76502,35323,35323,20605,3823,10895,9201,6900,16070,16070,,43758,-34385,-8871,335,18951,16896,,68219,36319,1697,0,16958,0,0,42606,13453,123354,123354,6900,4974,1694,,6210,0,53,16327,7155,1178,0,0,908.442,396.53,,7828,-6507,-2126,60,16413,16896,,1694,,1885,0
001690,2013-09-30,APPLE INC,1980-12-12,2013-10-28,2013.5,2013.75,037833100,0000320193,AAPL,3663,95014,14,USA,140509,207000,83451,37472,37472,21818,3841,11813,10030,7512,16489,16489,,53666,-33774,-16379,530,23942,16896,,73286,43658,1764,0,16960,0,0,40546,20641,123549,123549,7512,6757,1783,,8165,0,83,16597,6344,1168,0,0,899.213,476.75,,9908,611,-7508,195,4991,0,,1783,,1955,0
001690,2013-12-31,APPLE INC,1980-12-12,2014-01-27,2013.75,2014,037833100,0000320193,AAPL,3663,95014,14,USA,146645,225184,95500,57594,57594,33604,4383,19607,17463,13072,18306,18306,,22670,-15103,-7749,134,5394,0,0,80347,53769,2122,0,16961,0,0,40711,25198,129684,129684,13072,2144,2144,,1985,0,84,15488,6464,1330,0,0,892.447,561.02,,22670,-15103,-7749,134,5394,0,0,2144,,1985,0
001690,2014-03-31,APPLE INC,1980-12-12,2014-04-23,2014,2014.25,037833100,0000320193,AAPL,3663,95014,14,USA,137141,205989,85810,45646,45646,25812,4354,15480,13593,10223,19471,19471,,36208,-3362,-28156,341,23430,0,0,70541,43208,1829,0,16962,0,0,41350,15820,120179,120179,10223,4031,1887,,3367,0,85,15120,6169,1422,0,0,861.745,536.74,,13538,11741,-20407,207,18036,0,0,1887,,1382,0
001690,2014-06-30,APPLE INC,1980-12-12,2014-07-22,2014.25,2014.5,037833100,0000320193,AAPL,3663,95014,14,USA,149970,222520,101580,37432,37432,20751,4453,12228,10282,7748,20159,20159,,46463,-25576,-22169,435,28839,11960,0,67949,46205,1594,2010,29030,0,0,37805,16841,120940,120940,7748,5977,1946,,5745,0,100,17585,6186,1603,0,0,5989.171,92.93,,10255,-22214,5987,94,5409,11960,0,1946,,2378,0
001690,2014-09-30,APPLE INC,1980-12-12,2014-10-20,2014.5,2014.75,037833100,0000320193,AAPL,3663,95014,14,USA,140534,231839,120292,42123,42123,24145,4844,13134,11165,8467,20259,20259,,59713,-22579,-37549,730,46158,11960,,68531,63448,2111,6308,28987,0,0,25077,27219,111547,111547,8467,7946,1969,,9571,0,115,20624,7598,1686,0,0,5866.161,100.75,,13250,2997,-15380,295,17319,0,,1969,,3826,0
001690,2014-12-31,APPLE INC,1980-12-12,2015-01-27,2014.75,2015,037833100,0000320193,AAPL,3663,95014,14,USA,155832,261894,138566,74599,74599,42283,5495,26821,24246,18024,23371,23371,,33722,-21165,-6923,80,5542,3485,,83403,73611,2283,3899,32504,0,0,32463,29976,123328,123328,18024,2575,2575,,3217,0,131,20392,9080,1895,0,0,5826.419,110.38,,33722,-21165,-6923,80,5542,3485,,2575,,3217,0
001690,2015-03-31,APPLE INC,1980-12-12,2015-04-27,2015,2015.25,037833100,0000320193,AAPL,3663,95014,14,USA,169078,261194,132188,58010,58010,31875,5378,20757,18278,13569,23825,23825,,52803,-43496,-8662,309,12608,11332,,67891,58729,2396,3799,40072,0,0,33096,18164,129006,129006,13569,5054,2479,,5586,0,163,20151,9562,1918,0,0,5762.278,124.43,,19081,-22331,-1739,229,7066,7847,,2479,,2369,0
001690,2015-06-30,APPLE INC,1980-12-12,2015-07-21,2015.25,2015.5,037833100,0000320193,AAPL,3663,95014,14,USA,173096,273151,147474,49605,49605,26840,5598,17167,14083,10677,24539,24539,,67791,-54899,-11417,324,23332,21312,,70953,65285,2042,6999,47419,0,0,34703,19907,125677,125677,10677,8138,3084,,7629,0,201,21149,10231,2034,0,0,5705.4,125.425,,14988,-11403,-2755,15,10724,9980,,3084,,2043,0
001690,2015-09-30,APPLE INC,1980-12-12,2015-10-27,2015.5,2015.75,037833100,0000320193,AAPL,3663,95014,14,USA,172818,290479,171124,51501,51501,27834,5925,17742,14623,11124,24062,24062,,81266,-56274,-17716,543,36752,27114,,89378,80610,2349,10999,53463,0,0,41601,30343,119355,119355,11124,11257,3119,,11247,0,238,22471,12989,2220,0,0,5578.753,110.3,,13475,-1375,-6299,219,13420,5802,,3119,,3618,0
001690,2015-12-31,APPLE INC,1980-12-12,2016-01-26,2015.75,2016,037833100,0000320193,AAPL,3663,95014,14,USA,181471,293284,165017,75324,75324,42495,6252,26577,23623,18361,21617,21617,,27463,-20450,-11444,1,7460,0,0,76219,76092,2451,9759,53204,0,0,38074,24621,128267,128267,18361,2954,2954,,3612,0,276,22300,14104,2404,0,0,5544.487,105.26,,27463,-20450,-11444,1,7460,0,0,2954,,3612,0
004839,2018-06-30,FORD MOTOR CO,,2018-07-25,2018.25,2018.25,345370860,0000037996,F,3711,48126,11,USA,138527,258079,221511,38920,38920,31794,4143,2983,1583,1066,584,584,,8486,-9022,-792,0,89,28135,25299,115025,94861,12565,50884,101959,99,127,36476,62622,36441,36441,1066,,1400,,3688,0,1298,64945,24107,,0,0,3985.726,11.07,,4972,-2478,-3206,0,0,11182,12939,,,1909,0
004839,2018-09-30,FORD MOTOR CO,,2018-10-24,2018.5,2018.5,345370860,0000037996,F,3711,48126,11,USA,139386,258966,222248,37666,37666,30268,4247,3151,1851,991,602,602,,13665,-12595,-648,0,164,37211,33935,114843,94750,12810,50763,102668,99,128,36342,62302,36590,36590,991,,1300,,5669,0,1330,65302,24228,,0,0,3977.903,9.25,,5179,-3573,144,0,75,9076,8636,,,1981,0
004839,2018-12-31,FORD MOTOR CO,,2019-01-16,2018.75,2018.75,345370860,0000037996,F,3711,48126,11,USA,136786,256540,220474,41793,41793,33579,4374,3840,2440,-116,597,597,,15022,-16261,-122,0,164,50130,44172,114649,95569,11220,53493,100720,100,134,33951,65812,35932,35932,-116,9280,1400,,7785,0,1328,65297,23588,8200,0,0,3978.552,7.65,,1357,-3666,526,0,0,12919,10237,,,2116,0
004839,2019-03-31,FORD MOTOR CO,,2019-04-25,2019,2019,345370860,0000037996,F,3711,48126,11,USA,140206,263281,226712,40342,40342,31513,4077,4752,2323,1146,647,647,,3544,-1334,1873,0,0,15411,13277,121195,99237,12333,54883,103637,135,171,37730,67734,36398,36398,1146,,2429,,1633,0,1366,66695,23191,,0,0,3989.546,8.78,,3544,-1334,1873,0,0,15411,13277,,,1633,0
004839,2019-06-30,FORD MOTOR CO,,2019-07-24,2019.25,2019.25,345370860,0000037996,F,3711,48126,11,USA,140362,262184,226048,38853,38853,32357,3992,2504,1204,148,469,469,,10007,-3824,-808,0,0,26233,25767,118351,98334,12437,53178,104226,0,39,38048,64959,36097,36097,148,,1300,,3553,0,1358,67678,23019,,0,0,3989.843,10.23,,6463,-2490,-2681,0,0,10822,12490,,,1920,0
004839,2019-09-30,FORD MOTOR CO,,2019-10-23,2019.5,2019.5,345370860,0000037996,F,3711,48126,11,USA,135852,258157,222770,36990,36990,30083,3888,3019,1619,425,447,447,,14739,-8371,-2440,0,237,35705,34847,115754,99087,12451,54913,100465,0,38,37331,62045,35349,35349,425,7310,1400,,5358,0,1357,66120,22771,,0,0,3964.897,9.16,,4732,-4547,-1632,0,237,9472,9080,,,1805,0
004839,2019-12-31,FORD MOTOR CO,,2020-02-04,2019.75,2019.75,345370860,0000037996,F,3711,48126,11,USA,135638,258537,225307,39715,39715,33407,4287,2021,621,-1672,490,490,,17639,-13721,-3129,0,237,47604,46497,114047,98132,10786,54313,102408,0,45,34651,63139,33185,33185,-1672,9689,1400,,7632,0,1328,67114,24277,7400,0,0,3964.93,9.3,,2900,-5350,-689,0,0,11899,11650,2379,,2274,0
004839,2020-03-31,FORD MOTOR CO,,2020-04-28,2020,2020,345370860,0000037996,F,3711,48126,11,USA,145118,264150,234452,34320,34320,27874,4372,2074,-370,-1993,439,439,,-473,-3114,12454,0,0,26691,12948,124276,94494,11312,53273,115420,0,48,46370,61753,29650,29650,-1993,2444,2444,,1780,,1211,63808,24099,,0,0,3977.04,4.83,,-473,-3114,12454,0,0,26691,12948,2444,,1780,
006066,2015-03-31,INTL BUSINESS MACHINES CORP,,2015-04-20,2015,2015,459200101,0000051143,IBM,7370,10504,11,USA,46584,112037,99748,19590,19590,9030,6660,3900,2932,2415,,,,3610,560,-3402,161,1165,2290,2824,46316,35640,1970,4532,34295,0,148,8803,27848,12141,12141,2328,968,968,,857,47,246,10509,29813,1298,0,0,984.734,160.5,,3610,560,-3402,161,1165,2290,2824,968,,857,47
006066,2015-06-30,INTL BUSINESS MACHINES CORP,,2015-07-20,2015.25,2015.25,459200101,0000051143,IBM,7370,10504,11,USA,47177,112729,98892,20813,20813,9326,6477,5010,4049,3527,,,,7494,-1371,-5970,221,2303,2765,4464,45186,35535,1912,5329,33340,0,153,8760,27911,13684,13684,3449,1929,961,,1722,182,250,10702,30017,1300,0,0,979.53,162.66,,3884,-1931,-2568,60,1138,475,1640,961,,865,135
006066,2015-09-30,INTL BUSINESS MACHINES CORP,,2015-10-19,2015.5,2015.5,459200101,0000051143,IBM,7370,10504,11,USA,45572,108648,95198,19279,19279,8776,6015,4488,3552,2962,,,,11729,-2714,-7817,271,3846,3701,5387,42112,33732,1613,7539,32122,0,156,9568,25113,13294,13294,2950,2865,936,,2670,314,250,10661,29344,1287,0,0,970.11,144.97,,4235,-1343,-1847,50,1543,936,923,936,,948,132
006066,2015-12-31,INTL BUSINESS MACHINES CORP,,2016-01-19,2015.75,2015.75,459200101,0000051143,IBM,7370,10504,11,USA,47852,110495,96071,22059,22059,9530,6504,6025,5035,4460,253,253,,17008,-8160,-9165,322,4609,5540,5622,42504,34269,1551,6461,33428,0,162,8194,28554,14262,14262,4463,3855,990,,3579,370,262,10727,28121,1362,0,0,965.729,137.62,,5279,-5446,-1348,51,763,1839,235,990,,909,56
006066,2016-03-31,INTL BUSINESS MACHINES CORP,,2016-04-18,2016,2016,459200101,0000051143,IBM,7370,10504,11,USA,55327,118856,103784,18685,18685,8836,7542,2307,1283,2016,,,,5645,-2028,2834,59,939,8085,2211,47623,34664,1690,5302,40255,0,147,14869,26730,14925,14925,2014,1024,1024,,956,129,286,10909,28865,1458,0,0,959.962,151.45,,5645,-2028,2834,59,939,8085,2211,1024,,956,129
006066,2016-06-30,INTL BUSINESS MACHINES CORP,,2016-07-18,2016.25,2016.25,459200101,0000051143,IBM,7370,10504,11,USA,55526,118056,102167,20238,20238,9287,6791,4160,3057,2505,,,,9088,-6550,-322,115,1775,8262,3425,43524,33585,1685,4887,39637,0,156,10617,26546,15733,15733,2504,2127,1103,,1826,172,314,11092,28945,1465,0,0,955.844,151.78,,3443,-4522,-3156,56,836,177,1214,1103,,870,43
006066,2016-09-30,INTL BUSINESS MACHINES CORP,,2016-10-17,2016.5,2016.5,459200101,0000051143,IBM,7370,10504,11,USA,52722,115606,98447,19226,19226,8939,6126,4161,3034,2854,,,,13301,-7600,-4504,166,2632,8369,5616,41433,34447,1730,6920,35563,0,149,9968,25196,17010,17010,2853,3254,1127,,2594,234,307,11104,28437,1397,0,0,950.855,158.85,,4213,-1050,-4182,51,857,107,2191,1127,,768,62
006066,2016-12-31,INTL BUSINESS MACHINES CORP,,2017-01-19,2016.75,2016.75,459200101,0000051143,IBM,7370,10504,11,USA,53047,117470,99078,21771,21771,9606,6404,5761,4634,4506,425,425,,16958,-10976,-5791,204,3502,9132,6395,43888,36275,1553,7513,34655,0,146,8527,29245,18246,18246,4501,4381,1127,,3567,424,301,10830,27723,1431,0,0,945.867,165.99,,3657,-3376,-1287,38,870,763,779,1127,,973,190
006066,2017-03-31,INTL BUSINESS MACHINES CORP,,2017-04-18,2017,2017,459200101,0000051143,IBM,7370,10504,11,USA,52889,117495,99047,18155,18155,9083,6372,2700,1601,1753,,,,3955,349,-2134,54,1343,2887,1531,42888,36481,1609,8340,34441,0,121,10695,25869,18327,18327,1750,1099,1099,,740,58,293,10865,28125,1484,0,0,939.497,174.14,,3955,349,-2134,54,1343,2887,1531,1099,,740,58
006066,2017-06-30,INTL BUSINESS MACHINES CORP,,2017-07-18,2017.25,2017.25,459200101,0000051143,IBM,7370,10504,11,USA,56155,120495,101951,19288,19288,9159,6340,3789,2672,2332,,,,7421,-1355,-2743,97,2872,5835,2106,45013,35966,1604,8061,37611,0,125,12295,26958,18419,18419,2332,2216,1117,,1425,136,320,10903,28374,1437,0,0,931.94,153.83,,3466,-1704,-609,43,1529,2948,575,1117,,685,78
006066,2017-09-30,INTL BUSINESS MACHINES CORP,,2017-10-17,2017.5,2017.5,459200101,0000051143,IBM,7370,10504,11,USA,61083,121636,101879,19154,19154,8955,5863,4336,3160,2725,,,,10991,-3278,-5499,137,3827,9355,6252,44742,31697,1711,4299,41326,0,130,11515,27127,19627,19627,2725,3392,1176,,2273,337,336,11057,28856,1291,0,0,925.791,145.08,,3570,-1923,-2756,40,955,3520,4146,1176,,848,201
006066,2017-12-31,INTL BUSINESS MACHINES CORP,,2018-01-18,2017.75,2017.75,459200101,0000051143,IBM,7370,10504,11,USA,57562,125356,107631,22542,22542,10295,6277,5970,4821,-1052,545,545,,16724,-7096,-6418,175,4533,9642,6816,49735,37363,1583,6987,39837,0,131,12580,31630,17594,17594,-1054,4541,1149,,3229,460,329,11116,29886,1378,0,0,922.179,153.42,,5733,-3818,-919,38,706,287,564,1149,,956,123
006066,2018-03-31,INTL BUSINESS MACHINES CORP,,2018-04-17,2018,2018,459200101,0000051143,IBM,7370,10504,11,USA,58700,125285,106995,19072,19072,9640,6740,2692,1578,1675,,,,4601,-1764,-2909,0,830,2170,3295,49123,35733,1753,5977,40410,0,124,13155,29811,18166,18166,1679,1114,1114,,870,103,350,11278,30852,1405,0,0,917.968,153.43,,4601,-1764,-2909,0,830,2170,3295,1114,,870,103
006066,2018-06-30,INTL BUSINESS MACHINES CORP,,2018-07-18,2018.25,2018.25,459200101,0000051143,IBM,7370,10504,11,USA,56499,121622,102974,20003,20003,9604,6111,4288,3172,2403,,,,6896,-2398,-5428,0,1910,2506,3654,46795,35442,1742,7646,37851,0,128,11926,28855,18520,18520,2404,2230,1116,,1801,180,366,11024,29681,1364,0,0,912.768,139.7,,2295,-634,-2519,0,1080,336,359,1116,,931,77
006066,2018-09-30,INTL BUSINESS MACHINES CORP,,2018-10-16,2018.5,2018.5,459200101,0000051143,IBM,7370,10504,11,USA,55907,121990,102072,18755,18755,8731,5503,4521,3383,2692,,,,11128,-5368,-5864,0,2541,4715,4246,48257,36822,1893,10932,35989,0,134,14662,27597,19784,19784,2694,3368,1138,,2613,192,385,10950,29261,1252,0,0,908.794,151.21,,4232,-2970,-436,0,631,2209,592,1138,,812,12
006066,2018-12-31,INTL BUSINESS MACHINES CORP,,2019-01-22,2018.75,2018.75,459200101,0000051143,IBM,7370,10504,11,USA,52534,123382,106453,21761,21761,9881,5940,5940,4828,1953,3696,3696,,15247,-4913,-10469,111,4614,6892,8533,49146,38227,1682,10207,35605,0,133,12222,31034,16796,16796,1951,4480,1112,,3396,248,382,10792,28925,1358,0,0,892.479,113.67,,4119,455,-4605,111,2073,2177,4287,1112,,783,56
006066,2019-03-31,INTL BUSINESS MACHINES CORP,,2019-04-16,2019,2019,459200101,0000051143,IBM,7370,10504,11,USA,59923,130926,114320,18182,18182,8612,6000,3570,2124,1593,,,,4759,-853,1863,0,981,5979,1768,52705,38871,1771,11563,43317,0,126,18143,28473,16480,16480,1591,1446,1446,,539,81,355,15309,32132,1433,0,0,886.643,141.1,,4759,-853,1863,0,981,5979,1768,1446,,539,81
006066,2019-06-30,INTL BUSINESS MACHINES CORP,,2019-07-17,2019.25,2019.25,459200101,0000051143,IBM,7370,10504,11,USA,80167,154652,136876,19161,19161,8789,6714,3658,2364,2500,,,,7700,3309,22894,0,1388,31249,3869,77517,42351,1745,15912,62391,0,131,46408,25332,17645,17645,2498,2740,1294,,1122,383,345,15200,32134,1407,0,0,885.875,137.9,,2941,4162,21031,0,407,25270,2101,1294,,583,302
006066,2019-09-30,INTL BUSINESS MACHINES CORP,,2019-10-16,2019.5,2019.5,459200101,0000051143,IBM,7370,10504,11,USA,79683,149620,131524,18027,18027,8145,6074,3808,2139,1673,,,,11319,-27063,14717,0,1547,31496,8891,38121,35066,1712,9907,61587,0,140,10958,21471,17956,17956,1672,4409,1669,,1710,452,550,14964,34871,1553,0,0,885.637,145.42,,3619,-30372,-8177,0,159,247,5022,1669,,588,69
006066,2019-12-31,INTL BUSINESS MACHINES CORP,,2020-01-21,2019.75,2019.75,459200101,0000051143,IBM,7370,10504,11,USA,78966,152186,131201,21777,21777,9197,6708,5872,4222,3669,5230,5230,,14770,-26936,9042,0,1633,31825,12944,38420,37701,1619,10177,57981,0,144,9009,24287,20841,20841,3670,6059,1650,,2286,537,479,15006,30289,1596,0,0,887.11,134.04,,3451,127,-5675,0,86,329,4053,1650,,576,85
006066,2020-03-31,INTL BUSINESS MACHINES CORP,,2020-04-20,2020,2020,459200101,0000051143,IBM,7370,10504,11,USA,76613,153403,133275,17571,17571,8179,7296,2096,462,1176,,,,4477,-902,-115,0,44,6055,5285,38931,40673,1786,12970,56485,0,129,12018,20670,19999,19999,1175,1635,1634,,630,46,450,14497,36117,1625,0,0,887.892,110.93,,4477,-902,-115,0,44,6055,5285,1635,,630,46
184996,2014-03-31,TESLA INC,2010-06-29,2014-05-07,2014,2014,88160R101,0001318605,TSLA,3711,94304,14,USA,2514.537,4500.41,3588.354,620.542,620.542,421.146,199.097,0.299,-43.969,-49.802,5.231,5.231,,60.64,-329.18,1816.559,374.126,0,2000,2.545,3156.047,1413.47,450.73,598.272,1602.481,0,0,2584.068,72.38,912.056,912.056,-49.802,44.268,44.268,,141.364,0,13.084,1301.118,567.172,81.545,0,0,124.041,208.45,,60.64,-329.18,1816.559,374.126,0,2000,2.545,44.268,,141.364,0
184996,2014-06-30,TESLA INC,2010-06-29,2014-07-31,2014.25,2014.25,88160R101,0001318605,TSLA,3711,94304,14,USA,2818.752,5054.463,4102.13,769.349,769.349,501.639,241.748,25.962,-28.753,-61.9,5.233,5.233,,57.061,-326.57,2098.051,442.275,0,2300,5.646,3441.694,1575.85,596.927,603.412,1866.419,0,0,2686.624,96.607,952.333,952.333,-61.9,98.983,54.715,,317.049,0,33.238,1567.048,654.628,107.717,0,0,124.588,240.06,,-3.579,2.61000000000001,281.492,68.149,0,300,3.101,54.715,,175.685,0
184996,2014-09-30,TESLA INC,2010-06-29,2014-11-05,2014.5,2014.5,88160R101,0001318605,TSLA,3711,94304,14,USA,2840.232,5437.533,4479.439,851.804,851.804,534.981,290.98,25.843,-39.129,-74.709,5.247,5.247,,29.065,-618.213,2131.805,479.085,0,2300,8.702,3362.914,1839.777,752.492,607.218,1882.138,0,0,2388.066,156.889,958.094,958.094,-74.709,163.955,64.972,,601.224,0,32.761,2022.069,752.277,135.873,0,0,125.366,242.68,,-27.996,-291.643,33.7539999999999,36.81,0,0,3.056,64.972,,284.175,0
184996,2014-12-31,TESLA INC,2010-06-29,2015-02-11,2014.75,2014.75,88160R101,0001318605,TSLA,3711,94304,14,USA,2788.691,5849.251,4879.345,956.661,956.661,626.988,336.535,-6.862,-74.838,-107.629,0,0,,-57.337,-990.444,2143.13,489.615,0,2303.271,11.179,3198.657,2107.166,953.675,611.098,1818.785,0,0,1923.66,226.604,969.906,911.71,-107.629,231.931,67.976,,969.885,0,34.603,2596.011,953.394,139.565,58.196,58.196,125.688,222.41,,-86.402,-372.231,11.3250000000003,10.53,0,3.27100000000019,2.477,67.976,,368.661,0
184996,2015-03-31,TESLA INC,2010-06-29,2015-05-06,2015,2015,88160R101,0001318605,TSLA,3711,94304,14,USA,2780.211,6120.03,5239.756,939.88,939.88,602.695,362.519,-25.334,-102.446,-154.181,0,0,,-131.794,-432.344,186.156,35.218,0,155.622,3.726,2921.417,2192.381,1054.84,630.332,1899.937,0,0,1530.769,200.052,880.274,825.997,-154.181,77.112,77.112,,426.06,0,34.874,3136.252,1147.438,167.154,54.277,54.277,126.362,188.77,,-131.794,-432.344,186.156,35.218,0,155.622,3.726,77.112,,426.06,0
184996,2015-06-30,TESLA INC,2010-06-29,2015-08-05,2015.25,2015.25,88160R101,0001318605,TSLA,3711,94304,14,USA,2765.55,6468.185,5701.978,954.976,954.976,650.217,383.558,-78.799,-170.188,-184.227,0,0,,-291.31,-855.181,404.507,58.871,0,364.781,13.901,2628.621,2384.388,1212.279,638.275,1999.343,0,0,1171.264,138.648,766.207,715.934,-184.227,168.501,91.389,,831.225,0,36.652,3766.263,1318.247,181.712,50.273,50.273,127.101,268.26,,-159.516,-422.837,218.351,23.653,0,209.159,10.175,91.389,,405.165,0
184996,2015-09-30,TESLA INC,2010-06-29,2015-11-03,2015.5,2015.5,88160R101,0001318605,TSLA,3711,94304,14,USA,3342.231,7547.497,6186.66,936.789,936.789,594.927,415.158,-73.296,-183.662,-229.858,0,0,,-494.65,-1259.271,1298.485,844.026,0,543.923,72.906,2998.795,2553.771,1293.717,651.809,1981.394,0,0,1451.259,119.964,1360.837,1314.656,-229.858,278.867,110.366,,1223.628,0,41.108,4464.536,1651.495,178.791,46.181,46.181,130.901,248.4,,-203.34,-404.09,893.978,785.155,0,179.142,59.005,110.366,,392.403,0
184996,2015-12-31,TESLA INC,2010-06-29,2016-02-10,2015.75,2015.75,88160R101,0001318605,TSLA,3711,94304,14,USA,3171.364,8092.46,6961.471,1214.38,1214.38,852.093,478.897,-116.61,-260.333,-320.397,0,0,,-524.499,-1673.551,1523.523,856.611,0,887.717,203.78,2791.568,2816.274,1277.838,633.166,2040.375,0,0,1219.536,168.965,1130.989,1088.944,-320.397,422.59,143.723,,1634.85,0,47.717,5194.737,2104.822,190.243,42.045,42.045,131.425,240.01,,-29.8490000000001,-414.28,225.038,12.585,0,343.794,130.874,143.723,,411.222,0
184996,2016-03-31,TESLA INC,2010-06-29,2016-05-04,2016,2016,88160R101,0001318605,TSLA,3711,94304,14,USA,3497.32,9191.702,8178.711,1147.048,1147.048,738.12,500.692,-91.764,-248.224,-282.267,0,0,,-249.605,-233.819,715.435,52.838,0,671.763,8.128,3239.543,3187.699,1301.961,635.285,2484.329,0,0,1465.769,318.056,1012.991,970.365,-282.267,156.46,156.46,,216.859,0,49.725,5837.224,2506.683,182.482,42.626,42.626,133.858,229.77,,-249.605,-233.819,715.435,52.838,0,671.763,8.128,156.46,,216.859,0
184996,2016-06-30,TESLA INC,2010-06-29,2016-08-03,2016.25,2016.25,88160R101,0001318605,TSLA,3711,94304,14,USA,5177.442,11868.952,9311.512,1270.017,1270.017,812.009,512.816,-54.808,-238.04,-293.188,0,0,,-99.269,-553.673,2692.019,1812.212,0,1492.525,596.953,5203.705,3766.404,1609.607,626.826,2620.002,0,0,3270.826,178.594,2557.44,2520.294,-293.188,339.692,183.232,,511.579,,56.268,6526.976,2925.106,191.664,37.146,37.146,148.015,212.28,,150.336,-319.854,1976.584,1759.374,0,820.762,588.825,183.232,,294.72,
184996,2016-09-30,TESLA INC,2010-06-29,2016-10-26,2016.5,2016.5,88160R101,0001318605,TSLA,3711,94304,14,USA,5135.178,12592.397,9900.639,2298.436,2298.436,1381.234,551.113,366.089,85.622,21.878,0,0,,324.38,-821.679,2371.149,1855.195,0,2242.948,1708.922,5172.412,4082.39,1604.571,260.771,2443.42,0,0,3107.968,326.895,2691.758,2680.488,21.878,620.16,280.467,,759.19,,58.113,7258.345,3374.829,214.302,11.27,11.27,149.825,204.03,,423.649,-268.006,-320.87,42.983,0,750.423,1111.969,280.468,,247.611,
184996,2016-12-31,TESLA INC,2010-06-29,2017-02-22,2016.75,2016.75,88160R101,0001318605,TSLA,3711,94304,14,USA,11967.769,22664.076,16750.167,2284.631,2284.631,1522.413,680.276,81.942,-244.998,-121.337,0,0,,-123.829,-1416.43,3743.976,1865.551,0,3622.673,1904.483,6259.796,5827.005,2067.454,1202.178,6053.86,367.039,1152.214,3498.735,499.142,4761.695,4752.911,-121.337,947.099,326.94,,1440.471,,81.404,15036.917,4869.302,245.96,8.784,8.784,161.561,213.69,,-448.209,-594.751,1372.827,10.356,0,1379.725,195.561,326.939,,681.281,
184996,2017-03-31,TESLA INC,2010-06-29,2017-05-03,2017,2017,88160R101,0001318605,TSLA,3711,94304,14,USA,13415.755,25053.726,18885.353,2696.27,2696.27,1651.722,858.495,186.053,-190.549,-330.277,0,0,,-69.811,-926.943,1598.749,457.482,0,2024.521,799.248,7027.889,6245.439,2220.336,1003.311,7247.382,364.296,1173.371,4095.539,440.349,4995.002,4987.719,-330.277,376.602,376.602,,772.572,,122.646,16555.136,5392.532,322.04,7.283,7.283,164.164,278.3,,-69.811,-926.943,1598.749,457.482,0,2024.521,799.248,376.602,,772.572,
184996,2017-06-30,TESLA INC,2010-06-29,2017-08-02,2017.25,2017.25,88160R101,0001318605,TSLA,3711,94304,14,USA,13799.296,26043.705,19459.902,2789.557,2789.557,1733.771,907.531,148.255,-240.916,-336.397,0,0,,-269.983,-2142.159,2027.516,559.088,0,2744.261,1614.143,6359.444,6546.355,2438.111,816.533,7215.493,367.377,1476.363,3154.293,453.539,5107.44,5105.752,-336.397,765.773,389.171,,1930.484,,143.841,18218.554,5698.054,369.774,1.688,1.688,166.863,361.61,,-200.172,-1215.216,428.767,101.606,0,719.74,814.895,389.171,,1157.912,
184996,2017-09-30,TESLA INC,2010-06-29,2017-11-01,2017.5,2017.5,88160R101,0001318605,TSLA,3711,94304,14,USA,15834.492,28107.074,21929.057,2984.675,2984.675,2134.911,984.62,-134.856,-535.48,-619.376,0,0,,-570.545,-3457.091,4129.022,639.503,0,5817.585,2677.438,7068.733,6468.94,2471.382,424.224,9656.475,402.943,1466.18,3668.211,607.734,4711.837,4711.48,-619.376,1227.01,400.624,,3175.211,,154.409,19516.596,5803.642,331.622,0.357,0.357,168.017,341.1,,-300.562,-1314.932,2101.506,80.4150000000001,0,3073.324,1063.295,461.237,,1244.727,
184996,2017-12-31,TESLA INC,2010-06-29,2018-02-07,2017.75,2017.75,88160R101,0001318605,TSLA,3711,94304,14,USA,15118.64,28655.372,23022.98,3288.249,3288.249,2379.857,1036.927,-128.535,-598.141,-675.35,0,0,,-60.654,-4418.967,4414.864,659.291,0,7649.376,4263.788,6570.52,7674.67,2263.537,963.862,9486.248,397.734,1395.08,3523.237,515.381,4237.312,4237.242,-675.35,1727.04,469.606,,4081.354,,175.263,20491.616,5862.062,354.637,0.07,0.07,168.797,311.35,,509.891,-961.876,285.842,19.788,0,1831.791,1586.35,500.03,,906.143,
184996,2018-03-31,TESLA INC,2010-06-29,2018-05-02,2018,2018,88160R101,0001318605,TSLA,3711,94304,14,USA,14541.446,27271.429,21551.021,3408.751,3408.751,2535.992,1053.5,-180.741,-596.974,-709.551,0,0,,-398.376,-728.637,371.66,94.018,0,1775.481,1495.267,6383.92,8650.359,2565.826,1998.03,8821.038,405.835,1269.711,2785.867,652.848,4450.697,4450.695,-709.551,455.578,416.233,,728.637,,168.346,19180.724,4079.624,367.096,0.002,0.002,169.75,266.13,,-398.376,-728.637,371.66,94.018,0,1775.481,1495.267,455.578,,728.637,
184996,2018-06-30,TESLA INC,2010-06-29,2018-08-01,2018.25,2018.25,88160R101,0001318605,TSLA,3711,94304,14,USA,14838.906,27910,22642.887,4002.231,4002.231,2911.31,1136.888,-45.967,-517.958,-717.539,0,0,,-528.04,-1411.454,770.282,125.071,0,3043.227,2517.416,6699.797,9141.362,3324.643,2103.185,9571.793,539.536,1360.692,2383.246,569.874,3906.421,3906.421,-717.539,888.224,471.991,,1405.85,,179.282,19591.426,3929.732,399.393,0,0,170.516,342.95,,-129.664,-682.817,398.622,31.053,0,1267.746,1022.149,432.646,,677.213,
184996,2018-09-30,TESLA INC,2010-06-29,2018-10-24,2018.5,2018.5,88160R101,0001318605,TSLA,3711,94304,14,USA,15580.158,29262.713,23409.144,6824.413,6824.413,4797.923,1080.724,945.766,442.941,311.516,0,0,,863.241,-1972.419,686.064,219.945,0,3946.575,3560.195,7920.491,9775.324,3314.127,2106.538,9726.589,551.264,1344.731,3126.131,1155.001,4508.838,4508.838,311.516,1391.049,502.825,,1965.615,,187.22,19733.969,3907.231,350.848,0,0,171.578,264.77,,1391.281,-560.965,-84.2180000000001,94.874,0,903.348,1042.779,502.825,,559.765,
184996,2018-12-31,TESLA INC,2010-06-29,2019-01-30,2018.75,2018.75,88160R101,0001318605,TSLA,3711,94304,14,USA,15767.659,29739.614,23426.01,7225.873,7225.873,5286.236,1023.749,915.888,419.151,139.483,0,0,,2097.802,-2337.428,573.755,295.722,0,6176.173,6087.029,8306.308,9992.136,3113.446,2629.46,9454.055,555.964,1390.361,3878.169,949.022,4923.243,4923.243,139.483,2046.516,496.737,,2319.516,,183.123,19691.231,3979.819,356.297,0,0,172.603,332.8,,1234.561,-365.009,-112.309,75.777,0,2229.598,2526.834,655.467,,353.901,
184996,2019-03-31,TESLA INC,2010-06-29,2019-04-24,2019,2019,88160R101,0001318605,TSLA,3711,94304,14,USA,16872.308,28912.524,22874.618,4541.464,4541.464,3508.144,1044.103,-10.783,-478.36,-702.135,0,0,,-639.606,-305.843,-653.019,77.953,0,1494.066,2171.256,7677.822,9242.8,3836.85,1914.073,10834.402,570.284,1432.31,2329.119,1046.945,4605.596,4605.596,-702.135,507.685,467.577,,305.193,,164.953,19318.095,2797.416,340.174,0,0,173.682,279.86,,-639.606,-305.843,-653.019,77.953,0,1494.066,2171.256,507.685,,305.193,
184996,2019-06-30,TESLA INC,2010-06-29,2019-07-24,2019.25,2019.25,88160R101,0001318605,TSLA,3711,94304,14,USA,19460.208,31872.597,24722.136,6349.676,6349.676,4850.058,971.159,528.459,-50.113,-408.334,0,0,,224,-547.388,1489.822,943.817,0,5007.481,4062.226,10181.952,9588.773,3382.358,2011.177,12309.747,580.227,1435.068,5082.746,1147.1,5715.393,5715.393,-408.334,1128.272,578.572,,573.067,,179.079,19600.979,2823.616,276.872,0,0,179.118,223.46,,863.606,-241.545,2142.841,865.864,0,3513.415,1890.97,620.587,,267.874,
184996,2019-09-30,TESLA INC,2010-06-29,2019-10-23,2019.5,2019.5,88160R101,0001318605,TSLA,3711,94304,14,USA,19865,32795,25313,6302.86,6302.86,4580.798,929.738,792.324,261.473,143.469,0,0,,980,-1033,1608,1015,0,7119,6126,10940,10146,3581,2253,12383,600,1442,5571,1128,6040,6040,143.469,1715,530.851,,983,,191.968,19845,2784,333.954,0,0,180,240.87,,756,-485.612,118.178,71.183,0,2111.519,2063.774,586.728,,409.933,
184996,2019-12-31,TESLA INC,2010-06-29,2020-01-29,2019.75,2019.75,88160R101,0001318605,TSLA,3711,94304,14,USA,20737,34309,26199,7384,7384,5463,1044,877,347,105,0,0,,2405,-1436,1529,1111,0,10669,9871,12103,10667,3552,2070,12627,643,1492,6514,1324,6618,6618,105,2295,530,,1432,,180,20199,2905,439,0,0,181,418.33,,1425,-403,-79,96,0,3550,3745,580,,449,
184996,2020-03-31,TESLA INC,2010-06-29,2020-04-29,2020,2020,88160R101,0001318605,TSLA,3711,94304,14,USA,22373,37250,26578,5985,5985,4198,951,836,283,16,0,0,,-440,-480,2708,2469,0,2802,2515,14893,11986,4494,3499,11701,632,1499,8273,1274,9173,9173,16,599,553,,481,,179,20468,2891,324,0,0,185,524,,-440,-480,2708,2469,0,2802,2515,599,,481,
